Route,Location,URL,"Avg Stars","Your Stars","Route Type",Rating,Pitches,Length
"Rob's Seam","Tribe Called Conquest Boulder > Conquest Ridge > The Tramway > San Jacinto Mountains > California",https://www.mountainproject.com/route/105997092/robs-seam,2.3,-1,Boulder,V4,1,15
"Don's Dyno (No. 3)","Tribe Called Conquest Boulder > Conquest Ridge > The Tramway > San Jacinto Mountains > California",https://www.mountainproject.com/route/106485906/dons-dyno-no-3,1.0,-1,Boulder,V4,1,15
"Tribe Called Conquest","Tribe Called Conquest Boulder > Conquest Ridge > The Tramway > San Jacinto Mountains > California",https://www.mountainproject.com/route/106488319/tribe-called-conquest,4.0,-1,Boulder,"V5+ R",1,20
"Conquest Direct","Tribe Called Conquest Boulder > Conquest Ridge > The Tramway > San Jacinto Mountains > California",https://www.mountainproject.com/route/105997097/conquest-direct,2.0,-1,Boulder,"V7 R",1,20
"Standing on the Head of the Dragon","Dragon's Head > Conquest Ridge > The Tramway > San Jacinto Mountains > California",https://www.mountainproject.com/route/105997111/standing-on-the-head-of-the-dragon,3.5,-1,Boulder,V4,1,30
"Clawing at the Belly of the Beast","Dragon's Head > Conquest Ridge > The Tramway > San Jacinto Mountains > California",https://www.mountainproject.com/route/111982776/clawing-at-the-belly-of-the-beast,1.0,-1,Boulder,V8,1,9
Treebeard,"Treebeard Boulder > Conquest Ridge > The Tramway > San Jacinto Mountains > California",https://www.mountainproject.com/route/106485942/treebeard,1.0,-1,Boulder,V1,1,15
"Crouching Tiger, Hidden Dragon","Crouching Tiger, Hidden Dragon Boulder > Conquest Ridge > The Tramway > San Jacinto Mountains > California",https://www.mountainproject.com/route/106884278/crouching-tiger-hidden-dragon,3.0,-1,Boulder,V7,1,15
"White Flight","White Flight Boulder > Conquest Ridge > The Tramway > San Jacinto Mountains > California",https://www.mountainproject.com/route/107674829/white-flight,3.7,-1,Boulder,"V3- PG13",1,20
"Shades of the Oldschool","Green Tea Boulder > Conquest Ridge > The Tramway > San Jacinto Mountains > California",https://www.mountainproject.com/route/107674913/shades-of-the-oldschool,3.6,-1,Boulder,"V2 R",1,25
"Green Tea Arête","Green Tea Boulder > Conquest Ridge > The Tramway > San Jacinto Mountains > California",https://www.mountainproject.com/route/107674918/green-tea-arete,3.0,-1,Boulder,V4,1,18
Chimney,"Lone Boulder > Conquest Ridge > The Tramway > San Jacinto Mountains > California",https://www.mountainproject.com/route/111948791/chimney,1.5,-1,Boulder,V0+,1,
"Solitude (stand)","Lone Boulder > Conquest Ridge > The Tramway > San Jacinto Mountains > California",https://www.mountainproject.com/route/111948769/solitude-stand,4.0,-1,Boulder,V7,1,13
Crack-Mantel-Sap,"Lone Boulder > Conquest Ridge > The Tramway > San Jacinto Mountains > California",https://www.mountainproject.com/route/111948798/crack-mantel-sap,3.0,-1,Boulder,"V9 R",1,20
"Solitude sit","Lone Boulder > Conquest Ridge > The Tramway > San Jacinto Mountains > California",https://www.mountainproject.com/route/111948785/solitude-sit,3.0,-1,Boulder,V10,1,13
"Unnamed Arete","Wave Boulders > Conquest Ridge > The Tramway > San Jacinto Mountains > California",https://www.mountainproject.com/route/111992782/unnamed-arete,1.5,-1,Boulder,V3,1,10
"Campus Problem","Wave Boulders > Conquest Ridge > The Tramway > San Jacinto Mountains > California",https://www.mountainproject.com/route/111992796/campus-problem,1.0,-1,Boulder,V3,1,8
"Nada III","Wave Boulders > Conquest Ridge > The Tramway > San Jacinto Mountains > California",https://www.mountainproject.com/route/111992801/nada-iii,2.0,-1,Boulder,V3,1,10
"The Wave","Wave Boulders > Conquest Ridge > The Tramway > San Jacinto Mountains > California",https://www.mountainproject.com/route/111992772/the-wave,2.0,-1,Boulder,V5,1,9
"The Rasp","Wave Boulders > Conquest Ridge > The Tramway > San Jacinto Mountains > California",https://www.mountainproject.com/route/111992792/the-rasp,1.0,-1,Boulder,V6,1,10
"Space Wrangler","Space Wrangler > Conquest Ridge > The Tramway > San Jacinto Mountains > California",https://www.mountainproject.com/route/111992808/space-wrangler,3.3,-1,Boulder,V4,1,
"Sanchez Seam","Sanchez Seam Boulder > Conquest Ridge > The Tramway > San Jacinto Mountains > California",https://www.mountainproject.com/route/114316572/sanchez-seam,2.0,-1,Boulder,V5,1,
"Tourist Trophy","Ranger Station Rock 3 > Ranger Station Rocks > Long Valley > The Tramway > San Jacinto Mountains > California",https://www.mountainproject.com/route/106486676/tourist-trophy,1.6,-1,Boulder,V-easy,1,15
"Tourist Zone","Ranger Station Rock 3 > Ranger Station Rocks > Long Valley > The Tramway > San Jacinto Mountains > California",https://www.mountainproject.com/route/106486668/tourist-zone,1.6,-1,Boulder,V0+,1,15
"Trail Rail","Ranger Station Rock 3 > Ranger Station Rocks > Long Valley > The Tramway > San Jacinto Mountains > California",https://www.mountainproject.com/route/106486623/trail-rail,2.1,-1,Boulder,V1,1,15
CMMRP,"Ranger Station Rock 3 > Ranger Station Rocks > Long Valley > The Tramway > San Jacinto Mountains > California",https://www.mountainproject.com/route/106840853/cmmrp,0.0,-1,Boulder,V2-,1,7
"Tourist Remover","Ranger Station Rock 3 > Ranger Station Rocks > Long Valley > The Tramway > San Jacinto Mountains > California",https://www.mountainproject.com/route/106486659/tourist-remover,1.9,-1,Boulder,V3+,1,15
"Just Another Trailside Attraction","Ranger Station Rock 3 > Ranger Station Rocks > Long Valley > The Tramway > San Jacinto Mountains > California",https://www.mountainproject.com/route/106486633/just-another-trailside-attraction,1.3,-1,Boulder,V4,1,15
"Trailside Tango","Ranger Station Rock 3 > Ranger Station Rocks > Long Valley > The Tramway > San Jacinto Mountains > California",https://www.mountainproject.com/route/106226116/trailside-tango,2.6,-1,Boulder,V4,1,15
"Trailside Traverse","Ranger Station Rock  2 > Ranger Station Rocks > Long Valley > The Tramway > San Jacinto Mountains > California",https://www.mountainproject.com/route/106486556/trailside-traverse,1.3,-1,Boulder,V-easy,1,20
"Tourist Treat","Ranger Station Rock  2 > Ranger Station Rocks > Long Valley > The Tramway > San Jacinto Mountains > California",https://www.mountainproject.com/route/106486578/tourist-treat,1.6,-1,Boulder,V0,1,12
"Tourist Trap","Ranger Station Rock  2 > Ranger Station Rocks > Long Valley > The Tramway > San Jacinto Mountains > California",https://www.mountainproject.com/route/106486592/tourist-trap,1.6,-1,Boulder,V0+,1,15
"Slab Problem","Ranger Station Rock  2 > Ranger Station Rocks > Long Valley > The Tramway > San Jacinto Mountains > California",https://www.mountainproject.com/route/106190060/slab-problem,2.1,-1,Boulder,V1,1,15
"Da Block","Ranger Station Rock  2 > Ranger Station Rocks > Long Valley > The Tramway > San Jacinto Mountains > California",https://www.mountainproject.com/route/109046084/da-block,1.5,-1,Boulder,V4,1,
"Side Show","Ranger Station Rock  2 > Ranger Station Rocks > Long Valley > The Tramway > San Jacinto Mountains > California",https://www.mountainproject.com/route/108373129/side-show,2.7,-1,Boulder,V4+,1,20
"Road Kill","Ranger Station Rock  2 > Ranger Station Rocks > Long Valley > The Tramway > San Jacinto Mountains > California",https://www.mountainproject.com/route/108373020/road-kill,3.0,-1,Boulder,V8,1,15
"The Crumby Route","Ranger Station Rock 1 > Ranger Station Rocks > Long Valley > The Tramway > San Jacinto Mountains > California",https://www.mountainproject.com/route/106199689/the-crumby-route,1.0,-1,Boulder,V-easy,1,8
"Inside Moves","Ranger Station Rock 1 > Ranger Station Rocks > Long Valley > The Tramway > San Jacinto Mountains > California",https://www.mountainproject.com/route/106199702/inside-moves,1.7,-1,Boulder,V-easy,1,12
"Floyd E. Queeb","Ranger Station Rock 1 > Ranger Station Rocks > Long Valley > The Tramway > San Jacinto Mountains > California",https://www.mountainproject.com/route/106189206/floyd-e-queeb,1.5,-1,Boulder,V0,1,12
"Dynamo Hum","Ranger Station Rock 1 > Ranger Station Rocks > Long Valley > The Tramway > San Jacinto Mountains > California",https://www.mountainproject.com/route/106199705/dynamo-hum,1.0,-1,Boulder,V0,1,12
"It's Another Route","Ranger Station Rock 1 > Ranger Station Rocks > Long Valley > The Tramway > San Jacinto Mountains > California",https://www.mountainproject.com/route/106210815/its-another-route,1.0,-1,Boulder,V0,1,12
"Blind Hog","Ranger Station Rock 1 > Ranger Station Rocks > Long Valley > The Tramway > San Jacinto Mountains > California",https://www.mountainproject.com/route/106191275/blind-hog,1.0,-1,Boulder,V1,1,12
"Fire' Farts","Ranger Station Rock 1 > Ranger Station Rocks > Long Valley > The Tramway > San Jacinto Mountains > California",https://www.mountainproject.com/route/106191279/fire-farts,2.0,-1,Boulder,V1,1,12
"Play Off","Ranger Station Rock 1 > Ranger Station Rocks > Long Valley > The Tramway > San Jacinto Mountains > California",https://www.mountainproject.com/route/106210837/play-off,1.0,-1,Boulder,V2,1,12
"The 19th Hole","Ranger Station Rock 1 > Ranger Station Rocks > Long Valley > The Tramway > San Jacinto Mountains > California",https://www.mountainproject.com/route/106199720/the-19th-hole,1.0,-1,Boulder,V4,1,10
"Don't Rock the Boat","Boulder Cluster > Ranger Station Rocks > Long Valley > The Tramway > San Jacinto Mountains > California",https://www.mountainproject.com/route/106190607/dont-rock-the-boat,2.0,-1,Boulder,"V-easy PG13",1,15
"Funky Toe'n","Boulder Cluster > Ranger Station Rocks > Long Valley > The Tramway > San Jacinto Mountains > California",https://www.mountainproject.com/route/106190613/funky-toen,1.0,-1,Boulder,V0,1,15
"Electric Dimension","Boulder Cluster > Ranger Station Rocks > Long Valley > The Tramway > San Jacinto Mountains > California",https://www.mountainproject.com/route/107204644/electric-dimension,1.0,-1,Boulder,V1,1,
Trilogy,"Boulder Cluster > Ranger Station Rocks > Long Valley > The Tramway > San Jacinto Mountains > California",https://www.mountainproject.com/route/106190619/trilogy,1.0,-1,Boulder,V3,1,15
"Mantle Midget","Mantle Midget Boulder > Ranger Station Rocks > Long Valley > The Tramway > San Jacinto Mountains > California",https://www.mountainproject.com/route/107280908/mantle-midget,1.8,-1,Boulder,V3,1,8
"One Be Low","Mantle Midget Boulder > Ranger Station Rocks > Long Valley > The Tramway > San Jacinto Mountains > California",https://www.mountainproject.com/route/109565893/one-be-low,2.0,-1,Boulder,V3+,1,
Unnamed,"Boulder > Ranger Station Rocks > Long Valley > The Tramway > San Jacinto Mountains > California",https://www.mountainproject.com/route/107818978/unnamed,2.5,-1,Boulder,V3,1,13
"Center Crack","Chimney Rock > Long Valley > The Tramway > San Jacinto Mountains > California",https://www.mountainproject.com/route/107674938/center-crack,2.4,-1,Boulder,V0,1,12
"Highball Jugs","Chimney Rock > Long Valley > The Tramway > San Jacinto Mountains > California",https://www.mountainproject.com/route/107818955/highball-jugs,2.0,-1,Boulder,"V0 R",1,20
"Right Arête","Chimney Rock > Long Valley > The Tramway > San Jacinto Mountains > California",https://www.mountainproject.com/route/107674933/right-arete,1.5,-1,Boulder,V1,1,10
"Dyno Problem","Chimney Rock > Long Valley > The Tramway > San Jacinto Mountains > California",https://www.mountainproject.com/route/107674945/dyno-problem,1.9,-1,Boulder,V2,1,8
"Moldy Cheese","Chimney Rock > Long Valley > The Tramway > San Jacinto Mountains > California",https://www.mountainproject.com/route/108846730/moldy-cheese,2.0,-1,Boulder,V2,1,15
"Chimney Rock Traverse","Chimney Rock > Long Valley > The Tramway > San Jacinto Mountains > California",https://www.mountainproject.com/route/108072169/chimney-rock-traverse,2.0,-1,Boulder,V3,1,20
"The Honey Pots","Vanishing Point Boulder > Long Valley > The Tramway > San Jacinto Mountains > California",https://www.mountainproject.com/route/107674966/the-honey-pots,2.6,-1,Boulder,V2,1,12
"Flight of Osirus","Vanishing Point Boulder > Long Valley > The Tramway > San Jacinto Mountains > California",https://www.mountainproject.com/route/112048632/flight-of-osirus,3.0,-1,Boulder,V6,1,12
Snowblind,"Vanishing Point Boulder > Long Valley > The Tramway > San Jacinto Mountains > California",https://www.mountainproject.com/route/112048667/snowblind,3.5,-1,Boulder,V8,1,14
"Vanishing Point","Vanishing Point Boulder > Long Valley > The Tramway > San Jacinto Mountains > California",https://www.mountainproject.com/route/107674959/vanishing-point,3.9,-1,Boulder,V9,1,16
Left,"Merope Boulder > Pleiades > Long Valley > The Tramway > San Jacinto Mountains > California",https://www.mountainproject.com/route/108089430/left,1.6,-1,Boulder,V1,1,12
Center,"Merope Boulder > Pleiades > Long Valley > The Tramway > San Jacinto Mountains > California",https://www.mountainproject.com/route/108090838/center,1.8,-1,Boulder,V1,1,12
Pleione,"Merope Boulder > Pleiades > Long Valley > The Tramway > San Jacinto Mountains > California",https://www.mountainproject.com/route/108090866/pleione,2.4,-1,Boulder,V2,1,15
Atlas,"Merope Boulder > Pleiades > Long Valley > The Tramway > San Jacinto Mountains > California",https://www.mountainproject.com/route/108090874/atlas,2.7,-1,Boulder,V3,1,12
Alcyone,"Alcyone Boulder > Pleiades > Long Valley > The Tramway > San Jacinto Mountains > California",https://www.mountainproject.com/route/108090900/alcyone,1.7,-1,Boulder,V0-,1,12
Electra,"Electra > Pleiades > Long Valley > The Tramway > San Jacinto Mountains > California",https://www.mountainproject.com/route/108195628/electra,2.0,-1,Boulder,V3-,1,8
Unknown,"Tuna Juice Area > Long Valley > The Tramway > San Jacinto Mountains > California",https://www.mountainproject.com/route/108090959/unknown,3.0,-1,Boulder,V4,1,10
"Tuna Juice","Tuna Juice Area > Long Valley > The Tramway > San Jacinto Mountains > California",https://www.mountainproject.com/route/108090931/tuna-juice,2.7,-1,Boulder,V6,1,10
Starkist,"Tuna Juice Area > Long Valley > The Tramway > San Jacinto Mountains > California",https://www.mountainproject.com/route/108090947/starkist,2.0,-1,Boulder,V6,1,10
"Unnamed V3","Satellite Boulder Cluster > Long Valley > The Tramway > San Jacinto Mountains > California",https://www.mountainproject.com/route/108257917/unnamed-v3,2.0,-1,Boulder,V3,1,10
"Plank Walk","Mutiny Boulder > Long Valley > The Tramway > San Jacinto Mountains > California",https://www.mountainproject.com/route/112108174/plank-walk,2.0,-1,Boulder,V4,1,20
Mutiny,"Mutiny Boulder > Long Valley > The Tramway > San Jacinto Mountains > California",https://www.mountainproject.com/route/108550924/mutiny,2.7,-1,Boulder,V7,1,10
Unnamed,"Re-Animation Boulder > Long Valley > The Tramway > San Jacinto Mountains > California",https://www.mountainproject.com/route/109290718/unnamed,2.4,-1,Boulder,V3-4,1,10
NippleShredder,"Re-Animation Boulder > Long Valley > The Tramway > San Jacinto Mountains > California",https://www.mountainproject.com/route/109290737/nippleshredder,2.0,-1,Boulder,V5,1,10
"Slot Machine AKA Re-Animator","Re-Animation Boulder > Long Valley > The Tramway > San Jacinto Mountains > California",https://www.mountainproject.com/route/109290579/slot-machine-aka-re-animator,2.2,-1,Boulder,V6,1,10
"Gold Corner","Goldstone > Long Valley > The Tramway > San Jacinto Mountains > California",https://www.mountainproject.com/route/112048565/gold-corner,3.0,-1,Boulder,V0,1,14
Goldie,"Goldstone > Long Valley > The Tramway > San Jacinto Mountains > California",https://www.mountainproject.com/route/112048615/goldie,1.0,-1,Boulder,V2,1,14
"Gold Rush","Gold Rush Boulder > Long Valley > The Tramway > San Jacinto Mountains > California",https://www.mountainproject.com/route/113410243/gold-rush,2.0,-1,Boulder,V4,1,11
"Fool's Gold","Gold Rush Boulder > Long Valley > The Tramway > San Jacinto Mountains > California",https://www.mountainproject.com/route/113410374/fools-gold,2.0,-1,Boulder,V5,1,11
"Frank's Problem (variation)","Frank's Boulder > Trailside Boulders > The Tramway > San Jacinto Mountains > California",https://www.mountainproject.com/route/106388393/franks-problem-variation,2.4,-1,Boulder,V2,1,15
"The Terminator","Frank's Boulder > Trailside Boulders > The Tramway > San Jacinto Mountains > California",https://www.mountainproject.com/route/106228982/the-terminator,2.2,-1,Boulder,V2,1,12
"Frank's Direct","Frank's Boulder > Trailside Boulders > The Tramway > San Jacinto Mountains > California",https://www.mountainproject.com/route/106228962/franks-direct,2.3,-1,Boulder,V3,1,15
"Frank's Roof","Frank's Boulder > Trailside Boulders > The Tramway > San Jacinto Mountains > California",https://www.mountainproject.com/route/106228976/franks-roof,3.0,-1,Boulder,V3,1,10
"Frank's Problem","Frank's Boulder > Trailside Boulders > The Tramway > San Jacinto Mountains > California",https://www.mountainproject.com/route/106387902/franks-problem,2.8,-1,Boulder,V4,1,15
"Short Sloper Traverse","Frank's Boulder > Trailside Boulders > The Tramway > San Jacinto Mountains > California",https://www.mountainproject.com/route/106228968/short-sloper-traverse,2.5,-1,Boulder,V4+,1,25
"Posse (Right Variation)","Frank's Boulder > Trailside Boulders > The Tramway > San Jacinto Mountains > California",https://www.mountainproject.com/route/113079882/posse-right-variation,2.5,-1,Boulder,V6,1,12
"Hesitation Factor","Frank's Boulder > Trailside Boulders > The Tramway > San Jacinto Mountains > California",https://www.mountainproject.com/route/112821688/hesitation-factor,2.0,-1,Boulder,V7,1,8
"Bedroom Smackdown","Cross of Choss Boulder > Trailside Boulders > The Tramway > San Jacinto Mountains > California",https://www.mountainproject.com/route/107180617/bedroom-smackdown,0.5,-1,Boulder,V5-,1,14
"Problem C","Mandala of Tram > Trailside Boulders > The Tramway > San Jacinto Mountains > California",https://www.mountainproject.com/route/108195601/problem-c,1.7,-1,Boulder,V1,1,8
"Problem B","Mandala of Tram > Trailside Boulders > The Tramway > San Jacinto Mountains > California",https://www.mountainproject.com/route/108195596/problem-b,1.0,-1,Boulder,V2,1,10
"Problem A","Mandala of Tram > Trailside Boulders > The Tramway > San Jacinto Mountains > California",https://www.mountainproject.com/route/108195591/problem-a,2.3,-1,Boulder,V3,1,10
"Green Hornet","Mandala of Tram > Trailside Boulders > The Tramway > San Jacinto Mountains > California",https://www.mountainproject.com/route/107204528/green-hornet,3.6,-1,Boulder,V5,1,
"Green Hornet Direct","Mandala of Tram > Trailside Boulders > The Tramway > San Jacinto Mountains > California",https://www.mountainproject.com/route/110320868/green-hornet-direct,2.6,-1,Boulder,V5,1,
Unnamed,"E.Z. Boulder > Trailside Boulders > The Tramway > San Jacinto Mountains > California",https://www.mountainproject.com/route/107204634/unnamed,1.5,-1,Boulder,V-easy,1,
"Mantel Problem","E.Z. Boulder > Trailside Boulders > The Tramway > San Jacinto Mountains > California",https://www.mountainproject.com/route/108195560/mantel-problem,1.0,-1,Boulder,V-easy,1,12
"E.Z Flake","E.Z. Boulder > Trailside Boulders > The Tramway > San Jacinto Mountains > California",https://www.mountainproject.com/route/108195572/ez-flake,1.8,-1,Boulder,V-easy,1,12
"E.Z. Left","E.Z. Boulder > Trailside Boulders > The Tramway > San Jacinto Mountains > California",https://www.mountainproject.com/route/107204624/ez-left,1.6,-1,Boulder,V1,1,
"E.Z Right","E.Z. Boulder > Trailside Boulders > The Tramway > San Jacinto Mountains > California",https://www.mountainproject.com/route/108195577/ez-right,2.0,-1,Boulder,"V2 PG13",1,18
"One Handed Mantle","E.Z. Boulder > Trailside Boulders > The Tramway > San Jacinto Mountains > California",https://www.mountainproject.com/route/108195566/one-handed-mantle,2.0,-1,Boulder,V5,1,12
"Big Ballz","Angus Boulder > Trailside Boulders > The Tramway > San Jacinto Mountains > California",https://www.mountainproject.com/route/109083035/big-ballz,2.0,-1,Boulder,V3,1,
"Bonn Scott Memorial Face Problem","Angus Boulder > Trailside Boulders > The Tramway > San Jacinto Mountains > California",https://www.mountainproject.com/route/108187033/bonn-scott-memorial-face-problem,2.3,-1,Boulder,V3-4,1,9
Mangus,"Angus Boulder > Trailside Boulders > The Tramway > San Jacinto Mountains > California",https://www.mountainproject.com/route/107241624/mangus,2.7,-1,Boulder,V5,1,10
Malcolm,"Angus Boulder > Trailside Boulders > The Tramway > San Jacinto Mountains > California",https://www.mountainproject.com/route/108454721/malcolm,2.5,-1,Boulder,V6,1,8
Angus,"Angus Boulder > Trailside Boulders > The Tramway > San Jacinto Mountains > California",https://www.mountainproject.com/route/108454706/angus,2.5,-1,Boulder,V9,1,8
Blacktop,"Blacktop Boulder > Trailside Boulders > The Tramway > San Jacinto Mountains > California",https://www.mountainproject.com/route/107901552/blacktop,2.7,-1,Boulder,V4,1,12
"Hoch Mantel","Seven Boulder > Trailside Boulders > The Tramway > San Jacinto Mountains > California",https://www.mountainproject.com/route/108004289/hoch-mantel,2.1,-1,Boulder,V4,1,6
Slitherin,"Seven Boulder > Trailside Boulders > The Tramway > San Jacinto Mountains > California",https://www.mountainproject.com/route/108004621/slitherin,2.0,-1,Boulder,V5-,1,6
"Power of Seven","Seven Boulder > Trailside Boulders > The Tramway > San Jacinto Mountains > California",https://www.mountainproject.com/route/108004255/power-of-seven,2.6,-1,Boulder,V7,1,11
"Harry Pothead","Seven Boulder > Trailside Boulders > The Tramway > San Jacinto Mountains > California",https://www.mountainproject.com/route/108005223/harry-pothead,3.0,-1,Boulder,V8,1,10
"Variation Morgans Arete","Morgan Boulder > The Pit and the Pendulum Cove > Trailside Boulders > The Tramway > San Jacinto Mountains > California",https://www.mountainproject.com/route/108055430/variation-morgans-arete,2.0,-1,Boulder,V3-,1,18
"Morgan Arete","Morgan Boulder > The Pit and the Pendulum Cove > Trailside Boulders > The Tramway > San Jacinto Mountains > California",https://www.mountainproject.com/route/109064451/morgan-arete,2.7,-1,Boulder,V3,1,18
"Bicycles and Tricycles","Morgan Boulder > The Pit and the Pendulum Cove > Trailside Boulders > The Tramway > San Jacinto Mountains > California",https://www.mountainproject.com/route/109064455/bicycles-and-tricycles,3.0,-1,Boulder,V4,1,15
"Capillary Lockdown","Capillary Lockdown Boulder > The Pit and the Pendulum Cove > Trailside Boulders > The Tramway > San Jacinto Mountains > California",https://www.mountainproject.com/route/109064465/capillary-lockdown,3.0,-1,Boulder,V4,1,12
"Bush Pilot","Pit and the Pendulum Boulder > The Pit and the Pendulum Cove > Trailside Boulders > The Tramway > San Jacinto Mountains > California",https://www.mountainproject.com/route/108055435/bush-pilot,3.0,-1,Boulder,V8,1,7
"Flaming Lip","Flaming Lip Boulder > Trailside Boulders > The Tramway > San Jacinto Mountains > California",https://www.mountainproject.com/route/108195610/flaming-lip,1.0,-1,Boulder,V1,1,10
"Flaming Lip Traverse","Flaming Lip Boulder > Trailside Boulders > The Tramway > San Jacinto Mountains > California",https://www.mountainproject.com/route/108068646/flaming-lip-traverse,2.0,-1,Boulder,V2,1,10
Gluttony,"Gluttony Boulder > Trailside Boulders > The Tramway > San Jacinto Mountains > California",https://www.mountainproject.com/route/108392570/gluttony,3.9,-1,Boulder,V8,1,14
"Unnamed  V2","Black Moon Boulder > Trailside Boulders > The Tramway > San Jacinto Mountains > California",https://www.mountainproject.com/route/112008938/unnamed-v2,-1.0,-1,Boulder,V2,1,18
"Tram Pirates","Black Moon Boulder > Trailside Boulders > The Tramway > San Jacinto Mountains > California",https://www.mountainproject.com/route/112009030/tram-pirates,-1.0,-1,Boulder,V3,1,18
"Black Moon","Black Moon Boulder > Trailside Boulders > The Tramway > San Jacinto Mountains > California",https://www.mountainproject.com/route/108978322/black-moon,3.6,-1,Boulder,"V3 R",1,15
"Da Way","Black Moon Boulder > Trailside Boulders > The Tramway > San Jacinto Mountains > California",https://www.mountainproject.com/route/112008893/da-way,3.0,-1,Boulder,V3,1,23
"Done Dirt Cheap","Black Moon Boulder > Trailside Boulders > The Tramway > San Jacinto Mountains > California",https://www.mountainproject.com/route/112008882/done-dirt-cheap,-1.0,-1,Boulder,V5,1,15
"Mulligan Stew","Black Moon Boulder > Trailside Boulders > The Tramway > San Jacinto Mountains > California",https://www.mountainproject.com/route/112008956/mulligan-stew,-1.0,-1,Boulder,V6,1,18
"Yellow Bruce Lee Tags (at the back of the gym)","Yellow Bruce Lee Tags Boulder > Trailside Boulders > The Tramway > San Jacinto Mountains > California",https://www.mountainproject.com/route/113700856/yellow-bruce-lee-tags-at-the-back-of-the-gym,1.0,-1,Boulder,V5,1,15
"Ride the Lightning","Lightning Boulder > Undiscovered Country > The Tramway > San Jacinto Mountains > California",https://www.mountainproject.com/route/105997125/ride-the-lightning,3.9,-1,Boulder,"V0+ R",1,30
"Daddy's Little Helper","Knobby Boulder > Undiscovered Country > The Tramway > San Jacinto Mountains > California",https://www.mountainproject.com/route/106484766/daddys-little-helper,1.0,-1,Boulder,V1,1,15
"Knobby Face","Knobby Boulder > Undiscovered Country > The Tramway > San Jacinto Mountains > California",https://www.mountainproject.com/route/105997142/knobby-face,2.0,-1,Boulder,V2-3,1,10
"Black Prince","Black Cauldron Boulder > Undiscovered Country > The Tramway > San Jacinto Mountains > California",https://www.mountainproject.com/route/106200539/black-prince,2.2,-1,Boulder,V3-,1,12
"Black Cauldron","Black Cauldron Boulder > Undiscovered Country > The Tramway > San Jacinto Mountains > California",https://www.mountainproject.com/route/106200545/black-cauldron,2.7,-1,Boulder,V4,1,12
Elasticity,"Black Cauldron Boulder > Undiscovered Country > The Tramway > San Jacinto Mountains > California",https://www.mountainproject.com/route/106201314/elasticity,1.0,-1,Boulder,V5,1,12
Gemini,"Cassieopeia Boulder > Undiscovered Country > The Tramway > San Jacinto Mountains > California",https://www.mountainproject.com/route/106201348/gemini,1.5,-1,Boulder,V-easy,1,12
Cassieopeia,"Cassieopeia Boulder > Undiscovered Country > The Tramway > San Jacinto Mountains > California",https://www.mountainproject.com/route/106201337/cassieopeia,1.0,-1,Boulder,V0,1,12
Entropy,"Cassieopeia Boulder > Undiscovered Country > The Tramway > San Jacinto Mountains > California",https://www.mountainproject.com/route/106201353/entropy,1.5,-1,Boulder,V1,1,12
Cepheus,"Cassieopeia Boulder > Undiscovered Country > The Tramway > San Jacinto Mountains > California",https://www.mountainproject.com/route/106201373/cepheus,1.0,-1,Boulder,V2,1,12
"The Wormhole","Wormhole Boulder > Undiscovered Country > The Tramway > San Jacinto Mountains > California",https://www.mountainproject.com/route/106201913/the-wormhole,2.0,-1,Boulder,V3,1,15
Messylepica,"Messylepica Boulder > Undiscovered Country > The Tramway > San Jacinto Mountains > California",https://www.mountainproject.com/route/106201960/messylepica,1.0,-1,Boulder,V0,1,8
Vulpecula,"Messylepica Boulder > Undiscovered Country > The Tramway > San Jacinto Mountains > California",https://www.mountainproject.com/route/106201968/vulpecula,2.0,-1,Boulder,V2,1,8
Metrolink,"Transportation Boulder > Undiscovered Country > The Tramway > San Jacinto Mountains > California",https://www.mountainproject.com/route/106210881/metrolink,1.0,-1,Boulder,V1+,1,15
"The Underground","Transportation Boulder > Undiscovered Country > The Tramway > San Jacinto Mountains > California",https://www.mountainproject.com/route/106212189/the-underground,1.0,-1,Boulder,V2-,1,12
"British Rail","Transportation Boulder > Undiscovered Country > The Tramway > San Jacinto Mountains > California",https://www.mountainproject.com/route/106210866/british-rail,3.0,-1,Boulder,V4,1,20
"The Green Room","The Green Room > Undiscovered Country > The Tramway > San Jacinto Mountains > California",https://www.mountainproject.com/route/106211640/the-green-room,2.0,-1,Boulder,V2,1,15
"The Longest Barrel Ride","The Green Room > Undiscovered Country > The Tramway > San Jacinto Mountains > California",https://www.mountainproject.com/route/106212178/the-longest-barrel-ride,1.0,-1,Boulder,V3,1,15
"Pietra Dura","Pietra Dura > Undiscovered Country > The Tramway > San Jacinto Mountains > California",https://www.mountainproject.com/route/106212206/pietra-dura,1.0,-1,Boulder,V-easy,1,10
"Ebonic Woman","Ebonic Woman > Undiscovered Country > The Tramway > San Jacinto Mountains > California",https://www.mountainproject.com/route/107776196/ebonic-woman,2.5,-1,Boulder,V3,1,13
Serpentine,"Suicide Boulder > Undiscovered Country > The Tramway > San Jacinto Mountains > California",https://www.mountainproject.com/route/107776216/serpentine,2.0,-1,Boulder,V0-,1,24
"White Stripe","Suicide Boulder > Undiscovered Country > The Tramway > San Jacinto Mountains > California",https://www.mountainproject.com/route/112882235/white-stripe,3.0,-1,Boulder,"V2 PG13",1,24
"The Singularity","Suicide Boulder > Undiscovered Country > The Tramway > San Jacinto Mountains > California",https://www.mountainproject.com/route/107776207/the-singularity,2.2,-1,Boulder,V5,1,14
"The Maltese Chicken","The Wave Cave > Undiscovered Country > The Tramway > San Jacinto Mountains > California",https://www.mountainproject.com/route/107776231/the-maltese-chicken,1.0,-1,Boulder,V2,1,14
Unknown,"The Wave Cave > Undiscovered Country > The Tramway > San Jacinto Mountains > California",https://www.mountainproject.com/route/109566098/unknown,3.0,-1,Boulder,V5,1,10
"Fly, Robin Fly","The Wave Cave > Undiscovered Country > The Tramway > San Jacinto Mountains > California",https://www.mountainproject.com/route/109121923/fly-robin-fly,2.0,-1,Boulder,V6,1,8
"Master Blaster","The Wave Cave > Undiscovered Country > The Tramway > San Jacinto Mountains > California",https://www.mountainproject.com/route/109121915/master-blaster,2.5,-1,Boulder,V8,1,8
"Ricks Dyno","Ricks Dyno Boulder > Undiscovered Country > The Tramway > San Jacinto Mountains > California",https://www.mountainproject.com/route/107776255/ricks-dyno,1.5,-1,Boulder,V2,1,10
"Ricki Ticki","Deception Boulder > Undiscovered Country > The Tramway > San Jacinto Mountains > California",https://www.mountainproject.com/route/108821628/ricki-ticki,1.0,-1,Boulder,V4,1,10
Deception,"Deception Boulder > Undiscovered Country > The Tramway > San Jacinto Mountains > California",https://www.mountainproject.com/route/108821509/deception,2.0,-1,Boulder,V7,1,10
Bolo,"JCVD (Jean Claud Van Dam) boulder > Undiscovered Country > The Tramway > San Jacinto Mountains > California",https://www.mountainproject.com/route/108865602/bolo,2.3,-1,Boulder,V4-,1,16
"JCVD (Jean Claud Van Dam)","JCVD (Jean Claud Van Dam) boulder > Undiscovered Country > The Tramway > San Jacinto Mountains > California",https://www.mountainproject.com/route/108865568/jcvd-jean-claud-van-dam,2.6,-1,Boulder,V5-6,1,16
Waterlou,"Waterlou Boulder > Undiscovered Country > The Tramway > San Jacinto Mountains > California",https://www.mountainproject.com/route/109554772/waterlou,2.0,-1,Boulder,V3,1,10
"Colonel Angus Left","Colonel Angus Boulder > Undiscovered Country > The Tramway > San Jacinto Mountains > California",https://www.mountainproject.com/route/109565957/colonel-angus-left,2.0,-1,Boulder,V0,1,10
"Colonel Angus","Colonel Angus Boulder > Undiscovered Country > The Tramway > San Jacinto Mountains > California",https://www.mountainproject.com/route/109565943/colonel-angus,2.0,-1,Boulder,V3,1,10
"Jug or Not","Jug or Not Boulder > Undiscovered Country > The Tramway > San Jacinto Mountains > California",https://www.mountainproject.com/route/109566066/jug-or-not,2.0,-1,Boulder,V4+,1,12
Unknown,"Unknown Boulder > Undiscovered Country > The Tramway > San Jacinto Mountains > California",https://www.mountainproject.com/route/109566079/unknown,2.0,-1,Boulder,V3+,1,
"Soul Caliber","Soul Caliber Boulder > Undiscovered Country > The Tramway > San Jacinto Mountains > California",https://www.mountainproject.com/route/112803133/soul-caliber,2.0,-1,Boulder,V7,1,14
"The River Styx","Soul Caliber Boulder > Undiscovered Country > The Tramway > San Jacinto Mountains > California",https://www.mountainproject.com/route/112803158/the-river-styx,3.0,-1,Boulder,V8,1,14
"My Infested Destiny","My Infested Destiny Boulder > Undiscovered Country > The Tramway > San Jacinto Mountains > California",https://www.mountainproject.com/route/112884051/my-infested-destiny,3.9,-1,Boulder,V6-7,1,14
"Tree Attack","Picasso's Prison Palace > Undiscovered Country > The Tramway > San Jacinto Mountains > California",https://www.mountainproject.com/route/116111530/tree-attack,3.0,-1,Boulder,V6,1,16
"Space Crack","Flash Gordon Boulder > Flash Gordon Area > The Tramway > San Jacinto Mountains > California",https://www.mountainproject.com/route/106866899/space-crack,1.5,-1,Boulder,V1,1,8
"Buck Rogers","Flash Gordon Boulder > Flash Gordon Area > The Tramway > San Jacinto Mountains > California",https://www.mountainproject.com/route/106226186/buck-rogers,2.5,-1,Boulder,V2,1,10
"Buck Rodgers Variation","Flash Gordon Boulder > Flash Gordon Area > The Tramway > San Jacinto Mountains > California",https://www.mountainproject.com/route/107746076/buck-rodgers-variation,2.1,-1,Boulder,V3,1,12
"Flash Gordon","Flash Gordon Boulder > Flash Gordon Area > The Tramway > San Jacinto Mountains > California",https://www.mountainproject.com/route/106226208/flash-gordon,2.0,-1,Boulder,V3,1,5
Chadinator,"Flash Gordon Boulder > Flash Gordon Area > The Tramway > San Jacinto Mountains > California",https://www.mountainproject.com/route/108068593/chadinator,3.0,-1,Boulder,V7,1,8
"Flash Gordon Traverse (The Joshinator)","Flash Gordon Boulder > Flash Gordon Area > The Tramway > San Jacinto Mountains > California",https://www.mountainproject.com/route/113520319/flash-gordon-traverse-the-joshinator,2.0,-1,Boulder,V8,1,25
Oceanus,"Moon Boulder > Flash Gordon Area > The Tramway > San Jacinto Mountains > California",https://www.mountainproject.com/route/106228054/oceanus,2.1,-1,Boulder,"V-easy PG13",1,20
"Serpentine Ridge","Moon Boulder > Flash Gordon Area > The Tramway > San Jacinto Mountains > California",https://www.mountainproject.com/route/106228058/serpentine-ridge,2.4,-1,Boulder,"V0- R",1,20
"Sea of Tranquility","Moon Boulder > Flash Gordon Area > The Tramway > San Jacinto Mountains > California",https://www.mountainproject.com/route/107746032/sea-of-tranquility,2.7,-1,Boulder,"V1 R",1,25
"Dike Line","Dike Boulder > Flash Gordon Area > The Tramway > San Jacinto Mountains > California",https://www.mountainproject.com/route/106228035/dike-line,2.0,-1,Boulder,"V-easy PG13",1,15
"Rotting Cheese","Dike Boulder > Flash Gordon Area > The Tramway > San Jacinto Mountains > California",https://www.mountainproject.com/route/106228039/rotting-cheese,1.7,-1,Boulder,"V0 PG13",1,15
"Dike Line Direct","Dike Boulder > Flash Gordon Area > The Tramway > San Jacinto Mountains > California",https://www.mountainproject.com/route/107698382/dike-line-direct,1.8,-1,Boulder,"V1+ PG13",1,15
"Pinch Me","Dike Boulder > Flash Gordon Area > The Tramway > San Jacinto Mountains > California",https://www.mountainproject.com/route/106229008/pinch-me,2.0,-1,Boulder,"V2 PG13",1,15
"Tree Problem","Warm-Up Boulder > Flash Gordon Area > The Tramway > San Jacinto Mountains > California",https://www.mountainproject.com/route/106506341/tree-problem,1.9,-1,Boulder,V0-,1,12
Ledgestone,"Warm-Up Boulder > Flash Gordon Area > The Tramway > San Jacinto Mountains > California",https://www.mountainproject.com/route/106875649/ledgestone,1.5,-1,Boulder,V0,1,8
"Warmer-Upper Right","Warm-Up Boulder > Flash Gordon Area > The Tramway > San Jacinto Mountains > California",https://www.mountainproject.com/route/106875662/warmer-upper-right,1.7,-1,Boulder,V0,1,12
"Warmer-Upper Left","Warm-Up Boulder > Flash Gordon Area > The Tramway > San Jacinto Mountains > California",https://www.mountainproject.com/route/106875679/warmer-upper-left,2.0,-1,Boulder,V0,1,12
"Another Tree Problem","Warm-Up Boulder > Flash Gordon Area > The Tramway > San Jacinto Mountains > California",https://www.mountainproject.com/route/106506348/another-tree-problem,1.8,-1,Boulder,V0+,1,15
"Slumpback of Notre Dame","Warm-Up Boulder > Flash Gordon Area > The Tramway > San Jacinto Mountains > California",https://www.mountainproject.com/route/109051560/slumpback-of-notre-dame,2.2,-1,Boulder,V1,1,12
"The Ledge","Warm-Up Boulder > Flash Gordon Area > The Tramway > San Jacinto Mountains > California",https://www.mountainproject.com/route/106866879/the-ledge,2.0,-1,Boulder,V1,1,10
"The Ledge Traverse","Warm-Up Boulder > Flash Gordon Area > The Tramway > San Jacinto Mountains > California",https://www.mountainproject.com/route/106866886/the-ledge-traverse,1.6,-1,Boulder,V1+,1,15
"Gumby Traverse","Warm-Up Boulder > Flash Gordon Area > The Tramway > San Jacinto Mountains > California",https://www.mountainproject.com/route/106875624/gumby-traverse,1.8,-1,Boulder,V2,1,25
"Theatre of the Absurd","Warm-Up Boulder > Flash Gordon Area > The Tramway > San Jacinto Mountains > California",https://www.mountainproject.com/route/107746013/theatre-of-the-absurd,1.0,-1,Boulder,V3,1,10
"The Uninspired","Warm-Up Boulder > Flash Gordon Area > The Tramway > San Jacinto Mountains > California",https://www.mountainproject.com/route/107746020/the-uninspired,1.0,-1,Boulder,V3,1,12
Creekin',"Creekin' Boulder > Flash Gordon Area > The Tramway > San Jacinto Mountains > California",https://www.mountainproject.com/route/106867328/creekin,1.7,-1,Boulder,V-easy,1,12
"Mystery Move","Creekin' Boulder > Flash Gordon Area > The Tramway > San Jacinto Mountains > California",https://www.mountainproject.com/route/106867318/mystery-move,1.0,-1,Boulder,V0,1,12
"Liquid Logic","Creekin' Boulder > Flash Gordon Area > The Tramway > San Jacinto Mountains > California",https://www.mountainproject.com/route/106867335/liquid-logic,2.0,-1,Boulder,V0,1,10
"Creek Dyno","Creekin' Boulder > Flash Gordon Area > The Tramway > San Jacinto Mountains > California",https://www.mountainproject.com/route/115175145/creek-dyno,3.0,-1,Boulder,V3,1,8
"Mulligan Crack","Rufus Boulder > Flash Gordon Area > The Tramway > San Jacinto Mountains > California",https://www.mountainproject.com/route/107746128/mulligan-crack,1.0,-1,Boulder,V2+,1,12
Rufus,"Rufus Boulder > Flash Gordon Area > The Tramway > San Jacinto Mountains > California",https://www.mountainproject.com/route/107746149/rufus,2.2,-1,Boulder,V5,1,12
"Kentucky Fried Brit","The Chicken Shack > Flash Gordon Area > The Tramway > San Jacinto Mountains > California",https://www.mountainproject.com/route/108073820/kentucky-fried-brit,2.0,-1,Boulder,V4,1,20
"Carlton's Variation","Excavation Boulder > Flash Gordon Area > The Tramway > San Jacinto Mountains > California",https://www.mountainproject.com/route/108104878/carltons-variation,2.0,-1,Boulder,V6,1,15
"The Cavity","Excavation Boulder > Flash Gordon Area > The Tramway > San Jacinto Mountains > California",https://www.mountainproject.com/route/108104862/the-cavity,2.0,-1,Boulder,V7,1,15
Unnamed,"Excavation Boulder > Flash Gordon Area > The Tramway > San Jacinto Mountains > California",https://www.mountainproject.com/route/108452726/unnamed,2.0,-1,Boulder,V8,1,12
"Super Chicken","Dead Tree Boulder > Flash Gordon Area > The Tramway > San Jacinto Mountains > California",https://www.mountainproject.com/route/108227745/super-chicken,2.6,-1,Boulder,V1,1,10
"Tom Slick","Dead Tree Boulder > Flash Gordon Area > The Tramway > San Jacinto Mountains > California",https://www.mountainproject.com/route/108227750/tom-slick,1.5,-1,Boulder,V2,1,8
Unknown,"Dead Tree Boulder > Flash Gordon Area > The Tramway > San Jacinto Mountains > California",https://www.mountainproject.com/route/108227757/unknown,2.0,-1,Boulder,V3,1,12
"George of the Jungle","Dead Tree Boulder > Flash Gordon Area > The Tramway > San Jacinto Mountains > California",https://www.mountainproject.com/route/108227736/george-of-the-jungle,2.0,-1,Boulder,V7,1,12
"Unnamed .8","Rock Candy > Flash Gordon Area > The Tramway > San Jacinto Mountains > California",https://www.mountainproject.com/route/109595290/unnamed-8,-1.0,-1,Boulder,V-easy,1,12
"Rock Candy Arete","Rock Candy > Flash Gordon Area > The Tramway > San Jacinto Mountains > California",https://www.mountainproject.com/route/109595272/rock-candy-arete,2.5,-1,Boulder,V0,1,12
"Nerds Rope","Rock Candy > Flash Gordon Area > The Tramway > San Jacinto Mountains > California",https://www.mountainproject.com/route/109595303/nerds-rope,-1.0,-1,Boulder,V1,1,12
Arete,"Rock Candy > Flash Gordon Area > The Tramway > San Jacinto Mountains > California",https://www.mountainproject.com/route/109595279/arete,1.0,-1,Boulder,V3,1,15
Umbra,"Rock Candy > Flash Gordon Area > The Tramway > San Jacinto Mountains > California",https://www.mountainproject.com/route/109595306/umbra,1.0,-1,Boulder,V5,1,10
Misery,"Rock Candy > Flash Gordon Area > The Tramway > San Jacinto Mountains > California",https://www.mountainproject.com/route/109595311/misery,1.0,-1,Boulder,V7,1,7
"Mantle Problem","Abba Boulder (aka The Cube) > Shangri-La > Shangri-La Valley > The Tramway > San Jacinto Mountains > California",https://www.mountainproject.com/route/107138914/mantle-problem,2.1,-1,Boulder,V1-2,1,7
"Unnamed Crack","Abba Boulder (aka The Cube) > Shangri-La > Shangri-La Valley > The Tramway > San Jacinto Mountains > California",https://www.mountainproject.com/route/112045171/unnamed-crack,1.0,-1,Boulder,V3-,1,10
"Unnamed Arete","Abba Boulder (aka The Cube) > Shangri-La > Shangri-La Valley > The Tramway > San Jacinto Mountains > California",https://www.mountainproject.com/route/112045163/unnamed-arete,1.0,-1,Boulder,V4,1,10
"Dancing Queen (aka The Cube)","Abba Boulder (aka The Cube) > Shangri-La > Shangri-La Valley > The Tramway > San Jacinto Mountains > California",https://www.mountainproject.com/route/106024290/dancing-queen-aka-the-cube,3.5,-1,Boulder,V5,1,15
"March Madness","March Boulder > Shangri-La > Shangri-La Valley > The Tramway > San Jacinto Mountains > California",https://www.mountainproject.com/route/106486163/march-madness,1.3,-1,Boulder,"V1 R",1,18
"March Arete","March Boulder > Shangri-La > Shangri-La Valley > The Tramway > San Jacinto Mountains > California",https://www.mountainproject.com/route/106485860/march-arete,2.6,-1,Boulder,V2+,1,16
"Problem K","South Warm-up Boulder > Shangri-La > Shangri-La Valley > The Tramway > San Jacinto Mountains > California",https://www.mountainproject.com/route/106824994/problem-k,1.3,-1,Boulder,V-easy,1,10
"Problem L","South Warm-up Boulder > Shangri-La > Shangri-La Valley > The Tramway > San Jacinto Mountains > California",https://www.mountainproject.com/route/106825003/problem-l,1.0,-1,Boulder,V-easy,1,10
"Problem M","South Warm-up Boulder > Shangri-La > Shangri-La Valley > The Tramway > San Jacinto Mountains > California",https://www.mountainproject.com/route/106825008/problem-m,1.3,-1,Boulder,V-easy,1,8
"Problem F","South Warm-up Boulder > Shangri-La > Shangri-La Valley > The Tramway > San Jacinto Mountains > California",https://www.mountainproject.com/route/106824785/problem-f,1.4,-1,Boulder,V-easy,1,10
"Problem I","South Warm-up Boulder > Shangri-La > Shangri-La Valley > The Tramway > San Jacinto Mountains > California",https://www.mountainproject.com/route/106824796/problem-i,1.0,-1,Boulder,V-easy,1,10
"Problem G","South Warm-up Boulder > Shangri-La > Shangri-La Valley > The Tramway > San Jacinto Mountains > California",https://www.mountainproject.com/route/106824802/problem-g,1.2,-1,Boulder,V-easy,1,10
"Problem E","South Warm-up Boulder > Shangri-La > Shangri-La Valley > The Tramway > San Jacinto Mountains > California",https://www.mountainproject.com/route/106516881/problem-e,1.7,-1,Boulder,"V-easy PG13",1,10
"Problem J","South Warm-up Boulder > Shangri-La > Shangri-La Valley > The Tramway > San Jacinto Mountains > California",https://www.mountainproject.com/route/106824988/problem-j,1.2,-1,Boulder,V0-,1,10
"Alphabet Soup","South Warm-up Boulder > Shangri-La > Shangri-La Valley > The Tramway > San Jacinto Mountains > California",https://www.mountainproject.com/route/107767887/alphabet-soup,2.0,-1,Boulder,V0-,1,
"Problem H","South Warm-up Boulder > Shangri-La > Shangri-La Valley > The Tramway > San Jacinto Mountains > California",https://www.mountainproject.com/route/106824791/problem-h,1.2,-1,Boulder,V0-,1,10
"Problem A","South Warm-up Boulder > Shangri-La > Shangri-La Valley > The Tramway > San Jacinto Mountains > California",https://www.mountainproject.com/route/106516841/problem-a,2.0,-1,Boulder,V0,1,12
"Problem D","South Warm-up Boulder > Shangri-La > Shangri-La Valley > The Tramway > San Jacinto Mountains > California",https://www.mountainproject.com/route/106516862/problem-d,1.8,-1,Boulder,"V0+ PG13",1,12
"Problem N","South Warm-up Boulder > Shangri-La > Shangri-La Valley > The Tramway > San Jacinto Mountains > California",https://www.mountainproject.com/route/114466013/problem-n,1.0,-1,Boulder,V0+,1,12
"Problem B","South Warm-up Boulder > Shangri-La > Shangri-La Valley > The Tramway > San Jacinto Mountains > California",https://www.mountainproject.com/route/106516846/problem-b,1.8,-1,Boulder,V1,1,12
"Problem C","South Warm-up Boulder > Shangri-La > Shangri-La Valley > The Tramway > San Jacinto Mountains > California",https://www.mountainproject.com/route/106516853/problem-c,1.7,-1,Boulder,V3,1,12
"Pebble Beach","Pebble Beach > Shangri-La > Shangri-La Valley > The Tramway > San Jacinto Mountains > California",https://www.mountainproject.com/route/106824718/pebble-beach,1.0,-1,Boulder,V0,1,12
Blood,"Pebble Beach > Shangri-La > Shangri-La Valley > The Tramway > San Jacinto Mountains > California",https://www.mountainproject.com/route/106824732/blood,1.0,-1,Boulder,V2,1,10
"Tyler's Problem","Pebble Beach > Shangri-La > Shangri-La Valley > The Tramway > San Jacinto Mountains > California",https://www.mountainproject.com/route/106824740/tylers-problem,1.0,-1,Boulder,V6,1,10
"Barney Rubble","Flintstone Boulders > Shangri-La > Shangri-La Valley > The Tramway > San Jacinto Mountains > California",https://www.mountainproject.com/route/106824771/barney-rubble,1.0,-1,Boulder,"V0 PG13",1,15
"Bam Bam","Flintstone Boulders > Shangri-La > Shangri-La Valley > The Tramway > San Jacinto Mountains > California",https://www.mountainproject.com/route/106824753/bam-bam,1.0,-1,Boulder,V1,1,12
"Cosmic Bowling","Flintstone Boulders > Shangri-La > Shangri-La Valley > The Tramway > San Jacinto Mountains > California",https://www.mountainproject.com/route/106824758/cosmic-bowling,1.0,-1,Boulder,V4,1,12
"Feel's like a Virgin","Boulder Cluster > Shangri-La > Shangri-La Valley > The Tramway > San Jacinto Mountains > California",https://www.mountainproject.com/route/108190840/feels-like-a-virgin,3.8,-1,Boulder,"V3-4 R",1,16
"Warm up  2","Warm up Boulder > Shangri-La > Shangri-La Valley > The Tramway > San Jacinto Mountains > California",https://www.mountainproject.com/route/108343876/warm-up-2,1.0,-1,Boulder,V0-,1,10
"Warm up  3","Warm up Boulder > Shangri-La > Shangri-La Valley > The Tramway > San Jacinto Mountains > California",https://www.mountainproject.com/route/108343884/warm-up-3,1.7,-1,Boulder,V0,1,15
"The World's Hardest V2","Warm up Boulder > Shangri-La > Shangri-La Valley > The Tramway > San Jacinto Mountains > California",https://www.mountainproject.com/route/108343869/the-worlds-hardest-v2,2.1,-1,Boulder,V1,1,10
"Unknown v1","Warm up Boulder > Shangri-La > Shangri-La Valley > The Tramway > San Jacinto Mountains > California",https://www.mountainproject.com/route/108343894/unknown-v1,1.0,-1,Boulder,V1,1,8
"Left Gold Crack","Gold Crack Boulder/Which Way Jose > Shangri-La > Shangri-La Valley > The Tramway > San Jacinto Mountains > California",https://www.mountainproject.com/route/112008925/left-gold-crack,2.5,-1,Boulder,V3,1,12
"Right Gold Crack","Gold Crack Boulder/Which Way Jose > Shangri-La > Shangri-La Valley > The Tramway > San Jacinto Mountains > California",https://www.mountainproject.com/route/112008881/right-gold-crack,3.2,-1,Boulder,V5,1,12
"Unnamed V7","Gold Crack Boulder/Which Way Jose > Shangri-La > Shangri-La Valley > The Tramway > San Jacinto Mountains > California",https://www.mountainproject.com/route/108526185/unnamed-v7,1.8,-1,Boulder,V7,1,12
"Left Gold Crack (Sit)","Gold Crack Boulder/Which Way Jose > Shangri-La > Shangri-La Valley > The Tramway > San Jacinto Mountains > California",https://www.mountainproject.com/route/112008958/left-gold-crack-sit,2.5,-1,Boulder,V7,1,12
"Which Way Jose","Gold Crack Boulder/Which Way Jose > Shangri-La > Shangri-La Valley > The Tramway > San Jacinto Mountains > California",https://www.mountainproject.com/route/112009023/which-way-jose,4.0,-1,Boulder,V9,1,15
Oblivion,"Oblivion > Shangri-La > Shangri-La Valley > The Tramway > San Jacinto Mountains > California",https://www.mountainproject.com/route/109595442/oblivion,1.0,-1,Boulder,V7,1,7
"Won't Back-Off","Chad's Boulder > Shangri-La > Shangri-La Valley > The Tramway > San Jacinto Mountains > California",https://www.mountainproject.com/route/109595472/wont-back-off,1.0,-1,Boulder,V3,1,9
"Chad's Problem","Chad's Boulder > Shangri-La > Shangri-La Valley > The Tramway > San Jacinto Mountains > California",https://www.mountainproject.com/route/109595465/chads-problem,1.0,-1,Boulder,V6,1,7
Butterscotch,"Butterscotch Rock > Shangri-La > Shangri-La Valley > The Tramway > San Jacinto Mountains > California",https://www.mountainproject.com/route/112009482/butterscotch,3.0,-1,Boulder,"V6 R",1,15
"Hueco Shuffle","Hueco Boulder > The Dance Floor > Shangri-La Valley > The Tramway > San Jacinto Mountains > California",https://www.mountainproject.com/route/106505709/hueco-shuffle,2.9,-1,Boulder,V1,1,13
"Hueco Shuffle - Left","Hueco Boulder > The Dance Floor > Shangri-La Valley > The Tramway > San Jacinto Mountains > California",https://www.mountainproject.com/route/106831988/hueco-shuffle-left,2.4,-1,Boulder,V2+,1,15
"Hueco Shuffle - Direct","Hueco Boulder > The Dance Floor > Shangri-La Valley > The Tramway > San Jacinto Mountains > California",https://www.mountainproject.com/route/106922176/hueco-shuffle-direct,2.0,-1,Boulder,V3,1,13
Samba,"Breakdance Boulder > The Dance Floor > Shangri-La Valley > The Tramway > San Jacinto Mountains > California",https://www.mountainproject.com/route/106505729/samba,1.6,-1,Boulder,V3,1,10
Breakdance,"Breakdance Boulder > The Dance Floor > Shangri-La Valley > The Tramway > San Jacinto Mountains > California",https://www.mountainproject.com/route/106505733/breakdance,2.3,-1,Boulder,V3,1,10
"La Bocha de  Boogy","Breakdance Boulder > The Dance Floor > Shangri-La Valley > The Tramway > San Jacinto Mountains > California",https://www.mountainproject.com/route/106505722/la-bocha-de-boogy,1.9,-1,Boulder,V3,1,12
Waltz,"Bitch Slap Boulder > The Dance Floor > Shangri-La Valley > The Tramway > San Jacinto Mountains > California",https://www.mountainproject.com/route/106505763/waltz,2.0,-1,Boulder,V1,1,12
"Last Man Standing","Bitch Slap Boulder > The Dance Floor > Shangri-La Valley > The Tramway > San Jacinto Mountains > California",https://www.mountainproject.com/route/108229957/last-man-standing,1.0,-1,Boulder,V2,1,8
"Poorman's Darkhorse (aka Dances with Trees)","Bitch Slap Boulder > The Dance Floor > Shangri-La Valley > The Tramway > San Jacinto Mountains > California",https://www.mountainproject.com/route/107766420/poormans-darkhorse-aka-dances-with-trees,2.6,-1,Boulder,V6,1,13
"Bitch Slap","Bitch Slap Boulder > The Dance Floor > Shangri-La Valley > The Tramway > San Jacinto Mountains > California",https://www.mountainproject.com/route/107202462/bitch-slap,2.5,-1,Boulder,V6,1,10
"Line Dance","Swing Dance Boulder > The Dance Floor > Shangri-La Valley > The Tramway > San Jacinto Mountains > California",https://www.mountainproject.com/route/106832039/line-dance,2.0,-1,Boulder,V1+,1,12
"Square Dance","Swing Dance Boulder > The Dance Floor > Shangri-La Valley > The Tramway > San Jacinto Mountains > California",https://www.mountainproject.com/route/106832057/square-dance,2.1,-1,Boulder,V3-4,1,10
"Busta Move","Swing Dance Boulder > The Dance Floor > Shangri-La Valley > The Tramway > San Jacinto Mountains > California",https://www.mountainproject.com/route/106832031/busta-move,1.7,-1,Boulder,V4,1,10
"Soul Train","Swing Dance Boulder > The Dance Floor > Shangri-La Valley > The Tramway > San Jacinto Mountains > California",https://www.mountainproject.com/route/106832023/soul-train,3.0,-1,Boulder,V7,1,15
"Swing Dance","Swing Dance Boulder > The Dance Floor > Shangri-La Valley > The Tramway > San Jacinto Mountains > California",https://www.mountainproject.com/route/106832048/swing-dance,2.9,-1,Boulder,V7,1,15
"Crack Line","El Diablo Boulder > The Dance Floor > Shangri-La Valley > The Tramway > San Jacinto Mountains > California",https://www.mountainproject.com/route/106832085/crack-line,2.5,-1,Boulder,"V2 PG13",1,15
"Patina Line","El Diablo Boulder > The Dance Floor > Shangri-La Valley > The Tramway > San Jacinto Mountains > California",https://www.mountainproject.com/route/107203160/patina-line,2.6,-1,Boulder,V2-3,1,
"El Diablo","El Diablo Boulder > The Dance Floor > Shangri-La Valley > The Tramway > San Jacinto Mountains > California",https://www.mountainproject.com/route/106832079/el-diablo,2.5,-1,Boulder,"V5 PG13",1,15
"The Crusty Crab","Mystic Rhythms Boulder > The Dance Floor > Shangri-La Valley > The Tramway > San Jacinto Mountains > California",https://www.mountainproject.com/route/112066128/the-crusty-crab,-1.0,-1,Boulder,V3,1,8
"Mystic Rhythms","Mystic Rhythms Boulder > The Dance Floor > Shangri-La Valley > The Tramway > San Jacinto Mountains > California",https://www.mountainproject.com/route/106832155/mystic-rhythms,2.9,-1,Boulder,V6,1,10
"Problem C","Flake Boulder > The Dance Floor > Shangri-La Valley > The Tramway > San Jacinto Mountains > California",https://www.mountainproject.com/route/106922138/problem-c,1.0,-1,Boulder,V0,1,10
"Problem B","Flake Boulder > The Dance Floor > Shangri-La Valley > The Tramway > San Jacinto Mountains > California",https://www.mountainproject.com/route/106832197/problem-b,2.0,-1,Boulder,V2,1,12
"Problem A","Flake Boulder > The Dance Floor > Shangri-La Valley > The Tramway > San Jacinto Mountains > California",https://www.mountainproject.com/route/106922130/problem-a,1.0,-1,Boulder,V2,1,12
"Problem A","Bowling Pin Boulder > The Dance Floor > Shangri-La Valley > The Tramway > San Jacinto Mountains > California",https://www.mountainproject.com/route/106922148/problem-a,1.0,-1,Boulder,V0,1,10
Split,"Bowling Pin Boulder > The Dance Floor > Shangri-La Valley > The Tramway > San Jacinto Mountains > California",https://www.mountainproject.com/route/110732467/split,2.0,-1,Boulder,V3,1,15
"The Swedge","Swedge Boulder > The Dance Floor > Shangri-La Valley > The Tramway > San Jacinto Mountains > California",https://www.mountainproject.com/route/108229724/the-swedge,3.3,-1,Boulder,V5,1,10
"The Angry Beaver","Beaver Boulder > The Dance Floor > Shangri-La Valley > The Tramway > San Jacinto Mountains > California",https://www.mountainproject.com/route/108911892/the-angry-beaver,1.8,-1,Boulder,V8,1,
"Humpin' the Walrus","Walrus Boulder > The Dance Floor > Shangri-La Valley > The Tramway > San Jacinto Mountains > California",https://www.mountainproject.com/route/109141480/humpin-the-walrus,2.9,-1,Boulder,V4,1,
"Morgan Crack","Morgan Crack Boulder > The Dance Floor > Shangri-La Valley > The Tramway > San Jacinto Mountains > California",https://www.mountainproject.com/route/111899941/morgan-crack,2.7,-1,Boulder,"V0 PG13",1,25
"Death Arete","Life/Death Boulders > The Dance Floor > Shangri-La Valley > The Tramway > San Jacinto Mountains > California",https://www.mountainproject.com/route/112066103/death-arete,-1.0,-1,Boulder,V0,1,12
"Life Arete","Life/Death Boulders > The Dance Floor > Shangri-La Valley > The Tramway > San Jacinto Mountains > California",https://www.mountainproject.com/route/112066112/life-arete,-1.0,-1,Boulder,V0,1,12
Limbo,"Life/Death Boulders > The Dance Floor > Shangri-La Valley > The Tramway > San Jacinto Mountains > California",https://www.mountainproject.com/route/112066068/limbo,-1.0,-1,Boulder,V2,1,10
"Humpin' the Whale","Life/Death Boulders > The Dance Floor > Shangri-La Valley > The Tramway > San Jacinto Mountains > California",https://www.mountainproject.com/route/112066083/humpin-the-whale,1.8,-1,Boulder,V3,1,7
"Red Spark","Blue Flame Boulder > The Beach > Shangri-La Valley > The Tramway > San Jacinto Mountains > California",https://www.mountainproject.com/route/106832220/red-spark,2.6,-1,Boulder,V5-6,1,12
"Blue Flame","Blue Flame Boulder > The Beach > Shangri-La Valley > The Tramway > San Jacinto Mountains > California",https://www.mountainproject.com/route/106832225/blue-flame,2.7,-1,Boulder,V7,1,10
"The Cackler","Blue Flame Boulder > The Beach > Shangri-La Valley > The Tramway > San Jacinto Mountains > California",https://www.mountainproject.com/route/113756820/the-cackler,2.0,-1,Boulder,V9,1,8
"Stretch Armstrong","Blue Flame Boulder > The Beach > Shangri-La Valley > The Tramway > San Jacinto Mountains > California",https://www.mountainproject.com/route/108754138/stretch-armstrong,4.0,-1,Boulder,V10,1,12
"Black Mamba","Blue Flame Boulder > The Beach > Shangri-La Valley > The Tramway > San Jacinto Mountains > California",https://www.mountainproject.com/route/108754143/black-mamba,-1.0,-1,Boulder,V12,1,12
"The Outcast (aka Don's Dyno)","Dyno Boulder > The Beach > Shangri-La Valley > The Tramway > San Jacinto Mountains > California",https://www.mountainproject.com/route/106832268/the-outcast-aka-dons-dyno,2.4,-1,Boulder,V5,1,8
"Paul's Cock","Paul's Rock > The Beach > Shangri-La Valley > The Tramway > San Jacinto Mountains > California",https://www.mountainproject.com/route/106832296/pauls-cock,1.2,-1,Boulder,V3-,1,8
"Paul's Cock Rocks","Paul's Rock > The Beach > Shangri-La Valley > The Tramway > San Jacinto Mountains > California",https://www.mountainproject.com/route/109423982/pauls-cock-rocks,2.0,-1,Boulder,V3,1,
"Paul Rocks","Paul's Rock > The Beach > Shangri-La Valley > The Tramway > San Jacinto Mountains > California",https://www.mountainproject.com/route/106832285/paul-rocks,2.5,-1,Boulder,V4,1,10
"Tram Pass","Tram Boulder > The Beach > Shangri-La Valley > The Tramway > San Jacinto Mountains > California",https://www.mountainproject.com/route/106832311/tram-pass,2.0,-1,Boulder,V2-3,1,8
"Reverse Traverse","Tram Boulder > The Beach > Shangri-La Valley > The Tramway > San Jacinto Mountains > California",https://www.mountainproject.com/route/112009074/reverse-traverse,1.7,-1,Boulder,V4,1,12
"Memory Loss","Tram Boulder > The Beach > Shangri-La Valley > The Tramway > San Jacinto Mountains > California",https://www.mountainproject.com/route/106832320/memory-loss,2.5,-1,Boulder,V6,1,10
"Tramslot Traverse","Tram Boulder > The Beach > Shangri-La Valley > The Tramway > San Jacinto Mountains > California",https://www.mountainproject.com/route/108358803/tramslot-traverse,2.5,-1,Boulder,V7,1,10
"Annual Pass AKA Ass Drag Traverse","Tram Boulder > The Beach > Shangri-La Valley > The Tramway > San Jacinto Mountains > California",https://www.mountainproject.com/route/114414259/annual-pass-aka-ass-drag-traverse,3.0,-1,Boulder,V7-8,1,12
Moonwalker,"Swiss Cheese Boulder > The Beach > Shangri-La Valley > The Tramway > San Jacinto Mountains > California",https://www.mountainproject.com/route/112918458/moonwalker,2.0,-1,Boulder,V3,1,15
Hinge,"Swiss Cheese Boulder > The Beach > Shangri-La Valley > The Tramway > San Jacinto Mountains > California",https://www.mountainproject.com/route/106832337/hinge,2.0,-1,Boulder,V3,1,15
"Wonder Twin","Poorman's Slashface Boulder > The Beach > Shangri-La Valley > The Tramway > San Jacinto Mountains > California",https://www.mountainproject.com/route/108079690/wonder-twin,1.0,-1,Boulder,V-easy,1,10
"Poorman's Slashface","Poorman's Slashface Boulder > The Beach > Shangri-La Valley > The Tramway > San Jacinto Mountains > California",https://www.mountainproject.com/route/108079646/poormans-slashface,1.0,-1,Boulder,V0,1,10
"Poorman's Traverse","Poorman's Slashface Boulder > The Beach > Shangri-La Valley > The Tramway > San Jacinto Mountains > California",https://www.mountainproject.com/route/108079628/poormans-traverse,1.7,-1,Boulder,V1,1,15
"Plastic Man","Poorman's Slashface Boulder > The Beach > Shangri-La Valley > The Tramway > San Jacinto Mountains > California",https://www.mountainproject.com/route/108079700/plastic-man,1.8,-1,Boulder,V1,1,10
"Green Lantern","Poorman's Slashface Boulder > The Beach > Shangri-La Valley > The Tramway > San Jacinto Mountains > California",https://www.mountainproject.com/route/107215834/green-lantern,1.4,-1,Boulder,V1+,1,9
Crossfire,"Poorman's Slashface Boulder > The Beach > Shangri-La Valley > The Tramway > San Jacinto Mountains > California",https://www.mountainproject.com/route/107215801/crossfire,1.3,-1,Boulder,V3,1,9
Railer,"Railer Boulder > The Beach > Shangri-La Valley > The Tramway > San Jacinto Mountains > California",https://www.mountainproject.com/route/107215850/railer,2.4,-1,Boulder,V3,1,10
Propane,"Methane Boulder > The Beach > Shangri-La Valley > The Tramway > San Jacinto Mountains > California",https://www.mountainproject.com/route/107241969/propane,1.9,-1,Boulder,V2,1,8
"Methane Direct","Methane Boulder > The Beach > Shangri-La Valley > The Tramway > San Jacinto Mountains > California",https://www.mountainproject.com/route/107241980/methane-direct,2.0,-1,Boulder,V4,1,10
Methane,"Methane Boulder > The Beach > Shangri-La Valley > The Tramway > San Jacinto Mountains > California",https://www.mountainproject.com/route/107241944/methane,2.7,-1,Boulder,V5,1,15
Methamphetamine,"Methane Boulder > The Beach > Shangri-La Valley > The Tramway > San Jacinto Mountains > California",https://www.mountainproject.com/route/111979072/methamphetamine,2.0,-1,Boulder,V7,1,14
"Meth Lab","Methane Boulder > The Beach > Shangri-La Valley > The Tramway > San Jacinto Mountains > California",https://www.mountainproject.com/route/111981773/meth-lab,1.0,-1,Boulder,V9,1,25
"Obe Problem Direct","Obe Boulder > The Beach > Shangri-La Valley > The Tramway > San Jacinto Mountains > California",https://www.mountainproject.com/route/107697623/obe-problem-direct,3.0,-1,Boulder,V4,1,15
"All Seeing Eye of the Great Architect of the Universe","Conspiracy Boulder > The Beach > Shangri-La Valley > The Tramway > San Jacinto Mountains > California",https://www.mountainproject.com/route/107697696/all-seeing-eye-of-the-great-architect-of-the-universe,3.0,-1,Boulder,V2,1,15
Illuminatrix,"Conspiracy Boulder > The Beach > Shangri-La Valley > The Tramway > San Jacinto Mountains > California",https://www.mountainproject.com/route/108240960/illuminatrix,4.0,-1,Boulder,"V4 PG13",1,13
"Free Mason","Conspiracy Boulder > The Beach > Shangri-La Valley > The Tramway > San Jacinto Mountains > California",https://www.mountainproject.com/route/113128685/free-mason,3.0,-1,Boulder,V5,1,14
"Carribean Cocktail","Dyke Boulder > The Beach > Shangri-La Valley > The Tramway > San Jacinto Mountains > California",https://www.mountainproject.com/route/108079606/carribean-cocktail,2.5,-1,Boulder,V2,1,10
"Hold Your Fire","Hold Your Fire Boulder > The Beach > Shangri-La Valley > The Tramway > San Jacinto Mountains > California",https://www.mountainproject.com/route/108186238/hold-your-fire,2.3,-1,Boulder,V6-7,1,12
"Steep Sharma Arete","Sharma Boulder > The Beach > Shangri-La Valley > The Tramway > San Jacinto Mountains > California",https://www.mountainproject.com/route/108754226/steep-sharma-arete,4.0,-1,Boulder,V9-10,1,12
"Devil's Dance","Sharma Boulder > The Beach > Shangri-La Valley > The Tramway > San Jacinto Mountains > California",https://www.mountainproject.com/route/108754232/devils-dance,-1.0,-1,Boulder,V12,1,18
"Dyno Problem","Dyno Boulder 2 > The Beach > Shangri-La Valley > The Tramway > San Jacinto Mountains > California",https://www.mountainproject.com/route/109083347/dyno-problem,3.0,-1,Boulder,V4,1,
"Roof Problem","Rotten Roof Boulder > The Beach > Shangri-La Valley > The Tramway > San Jacinto Mountains > California",https://www.mountainproject.com/route/111978994/roof-problem,2.4,-1,Boulder,V1,1,7
"Glass Jugs","Glass Boulder > Boardwalk Area > Shangri-La Valley > The Tramway > San Jacinto Mountains > California",https://www.mountainproject.com/route/106859677/glass-jugs,2.0,-1,Boulder,V-easy,1,16
"Glass Traverse","Glass Boulder > Boardwalk Area > Shangri-La Valley > The Tramway > San Jacinto Mountains > California",https://www.mountainproject.com/route/106859688/glass-traverse,2.9,-1,Boulder,V-easy,1,25
"Heart of Glass","Glass Boulder > Boardwalk Area > Shangri-La Valley > The Tramway > San Jacinto Mountains > California",https://www.mountainproject.com/route/106859709/heart-of-glass,2.0,-1,Boulder,V-easy,1,16
"Glass Direct","Glass Boulder > Boardwalk Area > Shangri-La Valley > The Tramway > San Jacinto Mountains > California",https://www.mountainproject.com/route/106859697/glass-direct,2.6,-1,Boulder,V0,1,16
"Glass Indirect","Glass Boulder > Boardwalk Area > Shangri-La Valley > The Tramway > San Jacinto Mountains > California",https://www.mountainproject.com/route/106859703/glass-indirect,2.6,-1,Boulder,V2,1,16
"Glass Slippers","Glass Boulder > Boardwalk Area > Shangri-La Valley > The Tramway > San Jacinto Mountains > California",https://www.mountainproject.com/route/107176503/glass-slippers,2.0,-1,Boulder,V4,1,10
"Over the Boardwalk","Boardwalk Boulder - NW Face > Boardwalk Boulder > Boardwalk Area > Shangri-La Valley > The Tramway > San Jacinto Mountains > California",https://www.mountainproject.com/route/107202449/over-the-boardwalk,2.8,-1,Boulder,V7,1,12
"Left Hand of Darkness","Boardwalk Boulder - NW Face > Boardwalk Boulder > Boardwalk Area > Shangri-La Valley > The Tramway > San Jacinto Mountains > California",https://www.mountainproject.com/route/111599523/left-hand-of-darkness,4.0,-1,Boulder,V9,1,12
"Soul Shine","Boardwalk Boulder - NW Face > Boardwalk Boulder > Boardwalk Area > Shangri-La Valley > The Tramway > San Jacinto Mountains > California",https://www.mountainproject.com/route/112809664/soul-shine,2.0,-1,Boulder,V10,1,10
"The Right Road (aka Soul Darkness)","Boardwalk Boulder - NW Face > Boardwalk Boulder > Boardwalk Area > Shangri-La Valley > The Tramway > San Jacinto Mountains > California",https://www.mountainproject.com/route/112818129/the-right-road-aka-soul-darkness,4.0,-1,Boulder,V10,1,12
Catwalk,"Boardwalk Boulder - SE Face > Boardwalk Boulder > Boardwalk Area > Shangri-La Valley > The Tramway > San Jacinto Mountains > California",https://www.mountainproject.com/route/106861328/catwalk,2.0,-1,Boulder,V0,1,15
"Bored Walk","Boardwalk Boulder - SE Face > Boardwalk Boulder > Boardwalk Area > Shangri-La Valley > The Tramway > San Jacinto Mountains > California",https://www.mountainproject.com/route/106875729/bored-walk,1.7,-1,Boulder,V3,1,15
"Under the Boardwalk","Boardwalk Boulder - SE Face > Boardwalk Boulder > Boardwalk Area > Shangri-La Valley > The Tramway > San Jacinto Mountains > California",https://www.mountainproject.com/route/108532679/under-the-boardwalk,2.0,-1,Boulder,V5,1,12
"Problem A","Uphill Glass Boulder > Boardwalk Area > Shangri-La Valley > The Tramway > San Jacinto Mountains > California",https://www.mountainproject.com/route/107176537/problem-a,1.0,-1,Boulder,V2,1,10
"Dimit's Problem","Dimit's Boulder > Boardwalk Area > Shangri-La Valley > The Tramway > San Jacinto Mountains > California",https://www.mountainproject.com/route/107176555/dimits-problem,1.0,-1,Boulder,V3,1,9
"Electric Eye","Unison Rock > Boardwalk Area > Shangri-La Valley > The Tramway > San Jacinto Mountains > California",https://www.mountainproject.com/route/107176574/electric-eye,2.7,-1,Boulder,"V3 R",1,20
"Problem A","Behind The Boardwalk Boulder > Boardwalk Area > Shangri-La Valley > The Tramway > San Jacinto Mountains > California",https://www.mountainproject.com/route/107176605/problem-a,1.3,-1,Boulder,V3,1,8
"Problem A","Over the Boardwalk Boulder > Boardwalk Area > Shangri-La Valley > The Tramway > San Jacinto Mountains > California",https://www.mountainproject.com/route/107176624/problem-a,1.5,-1,Boulder,V0,1,8
Beige,"The Bermuda Triangle Boulder > Boardwalk Area > Shangri-La Valley > The Tramway > San Jacinto Mountains > California",https://www.mountainproject.com/route/108610353/beige,2.5,-1,Boulder,V2,1,14
"Blade Runner","The Bermuda Triangle Boulder > Boardwalk Area > Shangri-La Valley > The Tramway > San Jacinto Mountains > California",https://www.mountainproject.com/route/108610346/blade-runner,3.0,-1,Boulder,V4,1,14
Aquaman,"Aquaman Boulder > Boardwalk Area > Shangri-La Valley > The Tramway > San Jacinto Mountains > California",https://www.mountainproject.com/route/108905822/aquaman,2.2,-1,Boulder,V4,1,10
"Power Windows","Dead Tree Boulder > The Alcove > Shangri-La Valley > The Tramway > San Jacinto Mountains > California",https://www.mountainproject.com/route/106922243/power-windows,3.1,-1,Boulder,V6-,1,15
Slabarific,"Slab Boulder > The Alcove > Shangri-La Valley > The Tramway > San Jacinto Mountains > California",https://www.mountainproject.com/route/106922338/slabarific,2.6,-1,Boulder,V1,1,15
Slabalicious,"Slab Boulder > The Alcove > Shangri-La Valley > The Tramway > San Jacinto Mountains > California",https://www.mountainproject.com/route/106922361/slabalicious,1.0,-1,Boulder,V2,1,12
Tangerine,"Citrus Boulder > The Alcove > Shangri-La Valley > The Tramway > San Jacinto Mountains > California",https://www.mountainproject.com/route/106922299/tangerine,1.0,-1,Boulder,V0,1,8
"Somewhere In Time","Time Boulder > The Alcove > Shangri-La Valley > The Tramway > San Jacinto Mountains > California",https://www.mountainproject.com/route/106922384/somewhere-in-time,1.5,-1,Boulder,"V0 PG13",1,15
"Problem A","Time Boulder > The Alcove > Shangri-La Valley > The Tramway > San Jacinto Mountains > California",https://www.mountainproject.com/route/106922395/problem-a,1.0,-1,Boulder,V2,1,12
"Time Stands Still","Time Boulder > The Alcove > Shangri-La Valley > The Tramway > San Jacinto Mountains > California",https://www.mountainproject.com/route/106922373/time-stands-still,2.7,-1,Boulder,"V4 PG13",1,18
"The Patriot","Patriot Boulder > The Alcove > Shangri-La Valley > The Tramway > San Jacinto Mountains > California",https://www.mountainproject.com/route/106922310/the-patriot,2.0,-1,Boulder,V2,1,12
Tomahawk,"Patriot Boulder > The Alcove > Shangri-La Valley > The Tramway > San Jacinto Mountains > California",https://www.mountainproject.com/route/106922319/tomahawk,3.3,-1,Boulder,V5+,1,12
"Problem A","Emerald City > The West Rim > Shangri-La Valley > The Tramway > San Jacinto Mountains > California",https://www.mountainproject.com/route/107176641/problem-a,2.5,-1,Boulder,V0,1,20
"Emerald City","Emerald City > The West Rim > Shangri-La Valley > The Tramway > San Jacinto Mountains > California",https://www.mountainproject.com/route/107176656/emerald-city,3.8,-1,Boulder,"V0 PG13",1,20
"Problem B","Emerald City > The West Rim > Shangri-La Valley > The Tramway > San Jacinto Mountains > California",https://www.mountainproject.com/route/107176674/problem-b,2.7,-1,Boulder,"V1 R",1,13
Tri-Nitro-Toulumne,"Emerald City > The West Rim > Shangri-La Valley > The Tramway > San Jacinto Mountains > California",https://www.mountainproject.com/route/107176665/tri-nitro-toulumne,3.6,-1,Boulder,"V3 PG13",1,20
"House of Pain","Emerald City > The West Rim > Shangri-La Valley > The Tramway > San Jacinto Mountains > California",https://www.mountainproject.com/route/110332706/house-of-pain,4.0,-1,Boulder,V6,1,20
"Ruby Slippers","Cave Passage Boulder > The West Rim > Shangri-La Valley > The Tramway > San Jacinto Mountains > California",https://www.mountainproject.com/route/107176697/ruby-slippers,2.0,-1,Boulder,V0+,1,10
"Problem A","Cave Passage Boulder > The West Rim > Shangri-La Valley > The Tramway > San Jacinto Mountains > California",https://www.mountainproject.com/route/107176708/problem-a,2.0,-1,Boulder,V3+,1,9
"Toto or Dorothy?","Oz Boulder > The West Rim > Shangri-La Valley > The Tramway > San Jacinto Mountains > California",https://www.mountainproject.com/route/107176723/toto-or-dorothy,1.0,-1,Boulder,V3,1,15
"Problem A","Old Boulder > The West Rim > Shangri-La Valley > The Tramway > San Jacinto Mountains > California",https://www.mountainproject.com/route/107176741/problem-a,1.0,-1,Boulder,V-easy,1,12
"Old's Cool","Old Boulder > The West Rim > Shangri-La Valley > The Tramway > San Jacinto Mountains > California",https://www.mountainproject.com/route/107176816/olds-cool,2.0,-1,Boulder,V-easy,1,12
"Problem B","Old Boulder > The West Rim > Shangri-La Valley > The Tramway > San Jacinto Mountains > California",https://www.mountainproject.com/route/107176747/problem-b,2.0,-1,Boulder,V0,1,11
"Problem C","Young Boulder > The West Rim > Shangri-La Valley > The Tramway > San Jacinto Mountains > California",https://www.mountainproject.com/route/107176795/problem-c,1.5,-1,Boulder,V-easy,1,10
"Cracked Egg","Young Boulder > The West Rim > Shangri-La Valley > The Tramway > San Jacinto Mountains > California",https://www.mountainproject.com/route/107176828/cracked-egg,1.0,-1,Boulder,"V0- PG13",1,13
"Problem B","Young Boulder > The West Rim > Shangri-La Valley > The Tramway > San Jacinto Mountains > California",https://www.mountainproject.com/route/107176786/problem-b,2.0,-1,Boulder,V0,1,8
"Problem A","Young Boulder > The West Rim > Shangri-La Valley > The Tramway > San Jacinto Mountains > California",https://www.mountainproject.com/route/107176757/problem-a,2.0,-1,Boulder,V1,1,8
"Cracked Patina","Young Boulder > The West Rim > Shangri-La Valley > The Tramway > San Jacinto Mountains > California",https://www.mountainproject.com/route/107176780/cracked-patina,3.0,-1,Boulder,"V1 PG13",1,13
"Problem A Sit Start","Young Boulder > The West Rim > Shangri-La Valley > The Tramway > San Jacinto Mountains > California",https://www.mountainproject.com/route/107176764/problem-a-sit-start,2.0,-1,Boulder,V3+,1,8
"Only The Good Die Young","Young Boulder > The West Rim > Shangri-La Valley > The Tramway > San Jacinto Mountains > California",https://www.mountainproject.com/route/107176770/only-the-good-die-young,3.5,-1,Boulder,V6,1,14
"Roof Jugs","Roof Jugs > The West Rim > Shangri-La Valley > The Tramway > San Jacinto Mountains > California",https://www.mountainproject.com/route/110298396/roof-jugs,3.3,-1,Boulder,V2,1,20
"Roof Jugs Variation","Roof Jugs > The West Rim > Shangri-La Valley > The Tramway > San Jacinto Mountains > California",https://www.mountainproject.com/route/110298418/roof-jugs-variation,3.0,-1,Boulder,V3,1,16
"But of Quartz","Quartz Boulder > The West Rim > Shangri-La Valley > The Tramway > San Jacinto Mountains > California",https://www.mountainproject.com/route/115688410/but-of-quartz,2.0,-1,Boulder,V2,1,12
Envy,"The East Rim > Shangri-La Valley > The Tramway > San Jacinto Mountains > California",https://www.mountainproject.com/route/113291911/envy,3.0,-1,Boulder,V5,1,12
"The Barefoot Sharma Arete","The East Rim > Shangri-La Valley > The Tramway > San Jacinto Mountains > California",https://www.mountainproject.com/route/108881369/the-barefoot-sharma-arete,3.0,-1,Boulder,V8,1,10
"Kung Fu Panda","The All Day Boulder > Kung Fu Canyon > The Tramway > San Jacinto Mountains > California",https://www.mountainproject.com/route/106496924/kung-fu-panda,1.0,-1,Boulder,V-easy,1,10
"Problem A","The All Day Boulder > Kung Fu Canyon > The Tramway > San Jacinto Mountains > California",https://www.mountainproject.com/route/110471555/problem-a,1.0,-1,Boulder,V0,1,8
"Wu Tang Clan","The All Day Boulder > Kung Fu Canyon > The Tramway > San Jacinto Mountains > California",https://www.mountainproject.com/route/106496917/wu-tang-clan,1.5,-1,Boulder,V0,1,15
"Jet Li","The All Day Boulder > Kung Fu Canyon > The Tramway > San Jacinto Mountains > California",https://www.mountainproject.com/route/106492567/jet-li,2.0,-1,Boulder,"V0 R",1,8
"Chai Tea","The All Day Boulder > Kung Fu Canyon > The Tramway > San Jacinto Mountains > California",https://www.mountainproject.com/route/106494227/chai-tea,1.8,-1,Boulder,V1+,1,15
"Thai Chi","The All Day Boulder > Kung Fu Canyon > The Tramway > San Jacinto Mountains > California",https://www.mountainproject.com/route/106494232/thai-chi,1.4,-1,Boulder,V2,1,15
"Kung Fu Grip","The All Day Boulder > Kung Fu Canyon > The Tramway > San Jacinto Mountains > California",https://www.mountainproject.com/route/106494262/kung-fu-grip,1.7,-1,Boulder,V3+,1,15
"Don's Overhang","The All Day Boulder > Kung Fu Canyon > The Tramway > San Jacinto Mountains > California",https://www.mountainproject.com/route/110451581/dons-overhang,2.0,-1,Boulder,V4,1,12
"The One","The All Day Boulder > Kung Fu Canyon > The Tramway > San Jacinto Mountains > California",https://www.mountainproject.com/route/106492586/the-one,2.0,-1,Boulder,V6,1,8
"Paper Dragon","The All Day Boulder > Kung Fu Canyon > The Tramway > San Jacinto Mountains > California",https://www.mountainproject.com/route/113040778/paper-dragon,3.0,-1,Boulder,V10,1,8
"Le Mantel","Game of Death Boulder > Kung Fu Canyon > The Tramway > San Jacinto Mountains > California",https://www.mountainproject.com/route/113040715/le-mantel,-1.0,-1,Boulder,V1,1,9
Raspoutine,"Game of Death Boulder > Kung Fu Canyon > The Tramway > San Jacinto Mountains > California",https://www.mountainproject.com/route/106495161/raspoutine,1.5,-1,Boulder,V2,1,10
"Game of Death","Game of Death Boulder > Kung Fu Canyon > The Tramway > San Jacinto Mountains > California",https://www.mountainproject.com/route/106495150/game-of-death,2.9,-1,Boulder,V4,1,15
"A Kingdom in a Princess","Game of Death Boulder > Kung Fu Canyon > The Tramway > San Jacinto Mountains > California",https://www.mountainproject.com/route/113040642/a-kingdom-in-a-princess,1.0,-1,Boulder,V6,1,8
"Snake Eyes Direct","Roll the Bones Boulder > Kung Fu Canyon > The Tramway > San Jacinto Mountains > California",https://www.mountainproject.com/route/108167494/snake-eyes-direct,1.3,-1,Boulder,V2,1,6
"Snake Eyes","Roll the Bones Boulder > Kung Fu Canyon > The Tramway > San Jacinto Mountains > California",https://www.mountainproject.com/route/108167476/snake-eyes,2.2,-1,Boulder,V4,1,9
"Roll the Bones","Roll the Bones Boulder > Kung Fu Canyon > The Tramway > San Jacinto Mountains > California",https://www.mountainproject.com/route/108167419/roll-the-bones,2.0,-1,Boulder,V6,1,8
"Rumble in the Bronx","Mortal Kombat Boulder > Kung Fu Canyon > The Tramway > San Jacinto Mountains > California",https://www.mountainproject.com/route/108186221/rumble-in-the-bronx,1.7,-1,Boulder,V1,1,8
"Mortal Kombat","Mortal Kombat Boulder > Kung Fu Canyon > The Tramway > San Jacinto Mountains > California",https://www.mountainproject.com/route/108186211/mortal-kombat,2.0,-1,Boulder,V5,1,10
"Fists of Fury Direct","Fists of Fury Boulder > Kung Fu Canyon > The Tramway > San Jacinto Mountains > California",https://www.mountainproject.com/route/116234431/fists-of-fury-direct,1.0,-1,Boulder,V5-6,1,
"Fists of Fury","Fists of Fury Boulder > Kung Fu Canyon > The Tramway > San Jacinto Mountains > California",https://www.mountainproject.com/route/113091289/fists-of-fury,2.5,-1,Boulder,V7-8,1,8
"Exit the Tiger","Enter the Dragon Boulder > Kung Fu Canyon > The Tramway > San Jacinto Mountains > California",https://www.mountainproject.com/route/113200361/exit-the-tiger,1.0,-1,Boulder,V2,1,7
"Unnamed V4","Enter the Dragon Boulder > Kung Fu Canyon > The Tramway > San Jacinto Mountains > California",https://www.mountainproject.com/route/113200329/unnamed-v4,-1.0,-1,Boulder,V4,1,7
"Enter the Dragon","Enter the Dragon Boulder > Kung Fu Canyon > The Tramway > San Jacinto Mountains > California",https://www.mountainproject.com/route/113200353/enter-the-dragon,2.0,-1,Boulder,V5,1,7
"Unknown (Chuck Norris)","Warm Up boulder > Kung Fu Canyon > The Tramway > San Jacinto Mountains > California",https://www.mountainproject.com/route/113200812/unknown-chuck-norris,1.0,-1,Boulder,V0-1,1,10
"House Arête (Unnamed)","House Boulder > Kung Fu Canyon > The Tramway > San Jacinto Mountains > California",https://www.mountainproject.com/route/113901010/house-arete-unnamed,1.5,-1,Boulder,V3,1,
"House Kung Fu","House Boulder > Kung Fu Canyon > The Tramway > San Jacinto Mountains > California",https://www.mountainproject.com/route/113901002/house-kung-fu,2.0,-1,Boulder,V6-7,1,12
"Tooth or Dare","Tooth Fairy Boulder > Year of the Cat Gully > The Tramway > San Jacinto Mountains > California",https://www.mountainproject.com/route/106488379/tooth-or-dare,1.0,-1,Boulder,V-easy,1,15
"Tooth Hurty","Tooth Fairy Boulder > Year of the Cat Gully > The Tramway > San Jacinto Mountains > California",https://www.mountainproject.com/route/106488397/tooth-hurty,1.0,-1,Boulder,V-easy,1,12
"Tooth Fairy","Tooth Fairy Boulder > Year of the Cat Gully > The Tramway > San Jacinto Mountains > California",https://www.mountainproject.com/route/106488234/tooth-fairy,2.5,-1,Boulder,V5-6,1,12
iMac,"iMac Boulder > Year of the Cat Gully > The Tramway > San Jacinto Mountains > California",https://www.mountainproject.com/route/106499140/imac,3.0,-1,Boulder,V4,1,20
Tetrys,"Tetrys Boulder > Year of the Cat Gully > The Tramway > San Jacinto Mountains > California",https://www.mountainproject.com/route/106499166/tetrys,2.6,-1,Boulder,V1,1,12
"Tetrys Right","Tetrys Boulder > Year of the Cat Gully > The Tramway > San Jacinto Mountains > California",https://www.mountainproject.com/route/106499173/tetrys-right,2.6,-1,Boulder,V2,1,12
"Not a Flowmaster","Tetrys Boulder > Year of the Cat Gully > The Tramway > San Jacinto Mountains > California",https://www.mountainproject.com/route/109051564/not-a-flowmaster,2.0,-1,Boulder,V5+,1,12
"Shoe Slab","Shoe Slab > Year of the Cat Gully > The Tramway > San Jacinto Mountains > California",https://www.mountainproject.com/route/106506421/shoe-slab,2.2,-1,Boulder,V-easy,1,15
S.A.P.,"Shoe Slab > Year of the Cat Gully > The Tramway > San Jacinto Mountains > California",https://www.mountainproject.com/route/106506430/sap,1.0,-1,Boulder,V1,1,10
"The Persistance of Time (aka The Undone Marc Roth Project)","Year of the Cat Boulder > Year of the Cat Gully > The Tramway > San Jacinto Mountains > California",https://www.mountainproject.com/route/108055451/the-persistance-of-time-aka-the-undone-marc-roth-project,2.5,-1,Boulder,V6-,1,15
"Year of the Cat","Year of the Cat Boulder > Year of the Cat Gully > The Tramway > San Jacinto Mountains > California",https://www.mountainproject.com/route/112009628/year-of-the-cat,2.5,-1,Boulder,V9-10,1,12
"Unnamed V1","Matt Hotch Boulder > Year of the Cat Gully > The Tramway > San Jacinto Mountains > California",https://www.mountainproject.com/route/112009722/unnamed-v1,-1.0,-1,Boulder,V1,1,12
"The Matt Hotch Problem","Matt Hotch Boulder > Year of the Cat Gully > The Tramway > San Jacinto Mountains > California",https://www.mountainproject.com/route/112009712/the-matt-hotch-problem,3.0,-1,Boulder,V9,1,12
Unnamed,"Entrance Boulder > Year of the Cat Gully > The Tramway > San Jacinto Mountains > California",https://www.mountainproject.com/route/113091696/unnamed,2.0,-1,Boulder,V3,1,
"Problem C","Greasefire Boulder > Area 51/Deer Canyon > The Tramway > San Jacinto Mountains > California",https://www.mountainproject.com/route/106488420/problem-c,2.1,-1,Boulder,V2,1,10
"Problem A","Greasefire Boulder > Area 51/Deer Canyon > The Tramway > San Jacinto Mountains > California",https://www.mountainproject.com/route/106488364/problem-a,2.3,-1,Boulder,V3,1,10
"Problem B","Greasefire Boulder > Area 51/Deer Canyon > The Tramway > San Jacinto Mountains > California",https://www.mountainproject.com/route/106488411/problem-b,2.4,-1,Boulder,V3,1,10
"Imperfect Circle","Greasefire Boulder > Area 51/Deer Canyon > The Tramway > San Jacinto Mountains > California",https://www.mountainproject.com/route/108169026/imperfect-circle,2.0,-1,Boulder,V5,1,8
"Greasefire - Right Variation","Greasefire Boulder > Area 51/Deer Canyon > The Tramway > San Jacinto Mountains > California",https://www.mountainproject.com/route/106488389/greasefire-right-variation,2.0,-1,Boulder,V5,1,15
Greasefire,"Greasefire Boulder > Area 51/Deer Canyon > The Tramway > San Jacinto Mountains > California",https://www.mountainproject.com/route/106488376/greasefire,3.3,-1,Boulder,V6,1,15
"Sunshine Daydream (aka Yo Picasso)","Yo Picasso (aka Sunshine Daydream) Boulder > Area 51/Deer Canyon > The Tramway > San Jacinto Mountains > California",https://www.mountainproject.com/route/106492551/sunshine-daydream-aka-yo-picasso,3.8,-1,Boulder,V4,1,16
"Velvet Fog","Velvet Fog boulder > Area 51/Deer Canyon > The Tramway > San Jacinto Mountains > California",https://www.mountainproject.com/route/107218954/velvet-fog,2.9,-1,Boulder,V3,1,12
"Marc's Variation","Velvet Fog boulder > Area 51/Deer Canyon > The Tramway > San Jacinto Mountains > California",https://www.mountainproject.com/route/107218961/marcs-variation,2.5,-1,Boulder,V4,1,12
Kinesthesia,"Kinesthesia > Area 51/Deer Canyon > The Tramway > San Jacinto Mountains > California",https://www.mountainproject.com/route/109089188/kinesthesia,2.0,-1,Boulder,V5,1,
"The Mobius","The Mobius > Area 51/Deer Canyon > The Tramway > San Jacinto Mountains > California",https://www.mountainproject.com/route/109089230/the-mobius,3.0,-1,Boulder,V4,1,
"Daniels Overhang","The Mobius > Area 51/Deer Canyon > The Tramway > San Jacinto Mountains > California",https://www.mountainproject.com/route/109089248/daniels-overhang,2.0,-1,Boulder,V5-,1,
"The Mobius Direct","The Mobius > Area 51/Deer Canyon > The Tramway > San Jacinto Mountains > California",https://www.mountainproject.com/route/109090818/the-mobius-direct,2.0,-1,Boulder,V5,1,8
"Thin White Duke","Duke Boulder > Area 51/Deer Canyon > The Tramway > San Jacinto Mountains > California",https://www.mountainproject.com/route/112109868/thin-white-duke,2.0,-1,Boulder,V2,1,12
"Year of the Cockroach","Cockroach Boulder > The Icebergs > The Tramway > San Jacinto Mountains > California",https://www.mountainproject.com/route/106499184/year-of-the-cockroach,3.3,-1,Boulder,V5+,1,15
"For the Love of Basic Cable (I <3 Cable)","Cockroach Boulder > The Icebergs > The Tramway > San Jacinto Mountains > California",https://www.mountainproject.com/route/108169106/for-the-love-of-basic-cable-i-3-cable,3.5,-1,Boulder,V9,1,20
"Iceberg Arete Direct","Iceberg 3 > The Icebergs > The Tramway > San Jacinto Mountains > California",https://www.mountainproject.com/route/106502165/iceberg-arete-direct,2.0,-1,Boulder,V1,1,12
"Go with the Floe","Iceberg 3 > The Icebergs > The Tramway > San Jacinto Mountains > California",https://www.mountainproject.com/route/106502173/go-with-the-floe,1.5,-1,Boulder,V1,1,12
"Iceberg Arete","Iceberg 3 > The Icebergs > The Tramway > San Jacinto Mountains > California",https://www.mountainproject.com/route/106502161/iceberg-arete,3.0,-1,Boulder,V2,1,20
"Buddha Belly","Iceberg 3 > The Icebergs > The Tramway > San Jacinto Mountains > California",https://www.mountainproject.com/route/106502169/buddha-belly,2.0,-1,Boulder,V5,1,12
Crack-O-Pop,"Iceberg 1 > The Icebergs > The Tramway > San Jacinto Mountains > California",https://www.mountainproject.com/route/106504782/crack-o-pop,3.1,-1,Boulder,V5,1,12
"The Undone Greg Loh Project","Iceberg 1 > The Icebergs > The Tramway > San Jacinto Mountains > California",https://www.mountainproject.com/route/112009438/the-undone-greg-loh-project,2.0,-1,Boulder,V8,1,15
Unnamed,"Iceberg 2 > The Icebergs > The Tramway > San Jacinto Mountains > California",https://www.mountainproject.com/route/112000845/unnamed,1.0,-1,Boulder,V0,1,10
Flex,"Iceberg 2 > The Icebergs > The Tramway > San Jacinto Mountains > California",https://www.mountainproject.com/route/112000864/flex,1.0,-1,Boulder,V1,1,12
"Unnamed V4","Iceberg 2 > The Icebergs > The Tramway > San Jacinto Mountains > California",https://www.mountainproject.com/route/108771427/unnamed-v4,1.8,-1,Boulder,V4,1,12
"Unnamed v6","Iceberg 2 > The Icebergs > The Tramway > San Jacinto Mountains > California",https://www.mountainproject.com/route/107901506/unnamed-v6,2.7,-1,Boulder,V6,1,10
"Greenpeace (Stand)","Iceberg 2 > The Icebergs > The Tramway > San Jacinto Mountains > California",https://www.mountainproject.com/route/108400572/greenpeace-stand,1.9,-1,Boulder,V8,1,10
"Greenpeace (Sit)","Iceberg 2 > The Icebergs > The Tramway > San Jacinto Mountains > California",https://www.mountainproject.com/route/108443099/greenpeace-sit,3.0,-1,Boulder,V10,1,8
"Hurdy Gurdy Man","Accordian Boulder > The Icebergs > The Tramway > San Jacinto Mountains > California",https://www.mountainproject.com/route/109105425/hurdy-gurdy-man,1.0,-1,Boulder,V3-4,1,9
"Organ Donor Dyno","Accordian Boulder > The Icebergs > The Tramway > San Jacinto Mountains > California",https://www.mountainproject.com/route/109105464/organ-donor-dyno,-1.0,-1,Boulder,V4,1,11
"The Organ Grinder","Accordian Boulder > The Icebergs > The Tramway > San Jacinto Mountains > California",https://www.mountainproject.com/route/109105448/the-organ-grinder,2.0,-1,Boulder,V5,1,11
"The Real Organ Grinder","Accordian Boulder > The Icebergs > The Tramway > San Jacinto Mountains > California",https://www.mountainproject.com/route/109105453/the-real-organ-grinder,2.7,-1,Boulder,V5,1,15
"White Face Right Arete","White Face Boulder > Iceberg West > The Icebergs > The Tramway > San Jacinto Mountains > California",https://www.mountainproject.com/route/110471630/white-face-right-arete,1.0,-1,Boulder,"V0 PG13",1,20
"Pistol Whipped","White Face Boulder > Iceberg West > The Icebergs > The Tramway > San Jacinto Mountains > California",https://www.mountainproject.com/route/110471762/pistol-whipped,3.0,-1,Boulder,V3-,1,15
"White Face","White Face Boulder > Iceberg West > The Icebergs > The Tramway > San Jacinto Mountains > California",https://www.mountainproject.com/route/110471613/white-face,2.0,-1,Boulder,V3,1,17
"Problem A","Quartz Face Boulder > Iceberg West > The Icebergs > The Tramway > San Jacinto Mountains > California",https://www.mountainproject.com/route/110471814/problem-a,1.0,-1,Boulder,V0,1,8
"Quartz Face","Quartz Face Boulder > Iceberg West > The Icebergs > The Tramway > San Jacinto Mountains > California",https://www.mountainproject.com/route/110471807/quartz-face,2.0,-1,Boulder,V0+,1,10
"Razor's Edge","Quartz Face Boulder > Iceberg West > The Icebergs > The Tramway > San Jacinto Mountains > California",https://www.mountainproject.com/route/110471823/razors-edge,2.0,-1,Boulder,V3+,1,8
"Offwidth Outlaw","Split Rock > Iceberg West > The Icebergs > The Tramway > San Jacinto Mountains > California",https://www.mountainproject.com/route/110471837/offwidth-outlaw,1.0,-1,Boulder,V1,1,20
"Handle over Heel","Grand Traverse > Iceberg West > The Icebergs > The Tramway > San Jacinto Mountains > California",https://www.mountainproject.com/route/110651593/handle-over-heel,3.0,-1,Boulder,V4,1,15
"Mast scale","The Destroyer > Iceberg West > The Icebergs > The Tramway > San Jacinto Mountains > California",https://www.mountainproject.com/route/110651691/mast-scale,2.0,-1,Boulder,V1,1,18
"Two Cones Hung Low","The Destroyer > Iceberg West > The Icebergs > The Tramway > San Jacinto Mountains > California",https://www.mountainproject.com/route/110651681/two-cones-hung-low,2.0,-1,Boulder,V1+,1,20
Patinias,"Patina Boulder > Iceberg West > The Icebergs > The Tramway > San Jacinto Mountains > California",https://www.mountainproject.com/route/110653511/patinias,2.0,-1,Boulder,V1,1,12
"Parlor Tricks","Patina Boulder > Iceberg West > The Icebergs > The Tramway > San Jacinto Mountains > California",https://www.mountainproject.com/route/110657351/parlor-tricks,1.0,-1,Boulder,V1+,1,10
"Donkey Show","Donkey boulder > The Icebergs > The Tramway > San Jacinto Mountains > California",https://www.mountainproject.com/route/112115876/donkey-show,2.0,-1,Boulder,V2-,1,10
"Pancake House","Pancake House > The Edge of Nowhere > The Tramway > San Jacinto Mountains > California",https://www.mountainproject.com/route/108229680/pancake-house,2.7,-1,Boulder,V5,1,7
I-Flop,"Pancake House > The Edge of Nowhere > The Tramway > San Jacinto Mountains > California",https://www.mountainproject.com/route/108229705/i-flop,2.0,-1,Boulder,V6,1,7
"Ceramic Salamander","Salamander Boulder > The Edge of Nowhere > The Tramway > San Jacinto Mountains > California",https://www.mountainproject.com/route/108405138/ceramic-salamander,3.0,-1,Boulder,V4,1,12
"Porcelain Salamander","Salamander Boulder > The Edge of Nowhere > The Tramway > San Jacinto Mountains > California",https://www.mountainproject.com/route/108405124/porcelain-salamander,3.5,-1,Boulder,"V7 PG13",1,15
"Pit Boss","Pit Boss Boulder > The Edge of Nowhere > The Tramway > San Jacinto Mountains > California",https://www.mountainproject.com/route/108532671/pit-boss,2.1,-1,Boulder,V7,1,10
"Arabian Battle Trill","Arabian Battle Trill Boulder > The Edge of Nowhere > The Tramway > San Jacinto Mountains > California",https://www.mountainproject.com/route/113264483/arabian-battle-trill,1.0,-1,Boulder,V5,1,12
Medusa,"Medusa Boulder > The Edge of Nowhere > The Tramway > San Jacinto Mountains > California",https://www.mountainproject.com/route/115405855/medusa,2.0,-1,Boulder,V6,1,12
